,name_fielder,position,start_dist_st_R_x,start_ang_st_R_x,start_dist_st_R_y,start_ang_st_R_y,start_dist_st_L,start_ang_st_L,start_dist_sh_L,start_ang_sh_L
0,"Abrams, CJ",SS,147.0,-18.5,146.0,-20.0,152.0,-7.5,152.0,-6.0
1,"Abreu, José",1B,112.0,28.5,112.0,28.0,118.0,37.5,120.0,37.5
2,"Abreu, Wilyer",CF,328.0,0.0,,,328.0,1.0,331.0,2.0
3,"Abreu, Wilyer",LF,302.5,-28.0,,,293.0,-29.0,293.0,-29.0
4,"Abreu, Wilyer",RF,294.0,28.5,292.0,28.0,300.0,28.0,300.0,28.0
5,"Acuña Jr., Ronald",RF,290.0,29.5,294.0,29.0,303.5,26.0,304.5,26.0
6,"Acuña, Luisangel",2B,153.0,6.0,,,,,,
7,"Acuña, Luisangel",SS,149.0,-18.0,,,153.0,-8.0,154.0,-4.0
8,"Adames, Willy",SS,147.5,-19.0,144.5,-23.5,151.5,-5.5,152.0,-4.5
9,"Adams, Jordyn",CF,324.5,1.5,324.0,0.0,324.0,-1.0,326.5,-2.0
10,"Adams, Jordyn",LF,299.0,-25.0,,,,,,
11,"Adams, Jordyn",RF,291.5,28.0,293.0,27.0,298.0,25.0,300.0,26.0
12,"Adell, Jo",CF,325.0,1.5,322.0,0.0,326.0,-2.0,325.0,-2.0
13,"Adell, Jo",LF,301.0,-26.0,,,,,,
14,"Adell, Jo",RF,290.5,28.0,292.0,27.0,302.0,25.5,300.5,26.0
15,"Adrianza, Ehire",2B,153.0,8.0,,,,,,
16,"Adrianza, Ehire",3B,113.0,-34.0,113.0,-36.0,,,,
17,"Adrianza, Ehire",SS,147.0,-18.0,,,,,,
18,"Aguilar, Jesús",1B,111.0,30.0,,,123.0,38.0,123.0,38.0
19,"Ahmed, Nick",2B,154.0,7.0,,,,,,
20,"Ahmed, Nick",SS,148.5,-19.75,148.0,-21.0,153.33333333333334,-6.666666666666667,154.33333333333334,-5.0
21,"Alberto, Hanser",2B,153.0,7.0,,,148.0,19.0,,
22,"Alberto, Hanser",3B,118.0,-36.0,,,117.0,-27.0,120.0,-24.0
23,"Albies, Ozzie",2B,153.0,6.0,154.0,3.0,148.0,19.0,148.0,19.0
24,"Alcántara, Kevin",RF,286.0,29.0,,,288.0,28.0,296.0,28.0
25,"Alexander, Blaze",2B,151.0,8.0,,,147.0,19.0,146.0,21.0
26,"Alexander, Blaze",3B,115.0,-36.0,,,113.0,-28.0,126.0,-23.0
27,"Alexander, Blaze",SS,147.0,-18.0,,,151.0,-8.0,152.0,-5.0
28,"Alexander, CJ",3B,123.0,-39.0,,,128.0,-27.0,133.0,-23.0
29,"Allen, Greg",CF,321.0,1.0,,,317.0,-1.0,321.0,-1.0
30,"Allen, Greg",LF,292.0,-26.0,,,289.0,-29.0,286.0,-28.0
31,"Allen, Greg",RF,287.0,26.0,,,293.0,25.0,,
32,"Allen, Nick",3B,122.0,-38.0,,,,,,
33,"Allen, Nick",SS,149.5,-19.0,,,154.0,-6.0,154.5,-4.0
34,"Almonte, Abraham",LF,312.0,-27.0,,,,,,
35,"Alonso, Pete",1B,117.0,30.0,120.0,30.0,125.5,37.5,127.5,37.5
36,"Altuve, Jose",2B,153.5,7.0,154.5,2.5,149.5,18.0,149.0,19.5
37,"Alu, Jake",2B,151.0,9.0,,,147.0,20.0,146.0,23.0
38,"Alu, Jake",3B,120.0,-37.0,,,115.0,-28.0,,
39,"Alu, Jake",LF,306.0,-27.0,,,298.0,-29.0,304.0,-29.0
40,"Alvarez Jr., Nacho",2B,155.0,5.0,155.0,3.0,149.0,19.0,150.0,19.0
41,"Alvarez Jr., Nacho",3B,124.0,-39.0,,,,,,
42,"Alvarez, Armando",1B,115.0,31.0,,,,,,
43,"Alvarez, Armando",3B,122.0,-36.0,,,120.0,-27.0,124.0,-25.0
44,"Alvarez, Armando",LF,302.0,-29.0,,,,,,
45,"Alvarez, Eddy",2B,154.0,7.0,,,149.0,17.0,149.0,19.0
46,"Alvarez, Eddy",SS,149.0,-18.0,,,,,,
47,"Alvarez, Yordan",LF,303.5,-25.5,303.5,-26.5,289.0,-30.0,293.5,-28.0
48,"Amador, Adael",2B,152.0,11.0,,,149.0,19.0,149.0,19.0
49,"Amaya, Jacob",SS,148.5,-18.0,,,152.0,-6.5,153.0,-4.0
50,"Anderson, Brian",3B,122.0,-36.0,,,112.0,-26.0,119.0,-23.0
51,"Anderson, Brian",RF,290.5,27.5,,,295.0,27.0,295.0,27.0
52,"Anderson, Tim",2B,150.0,9.0,,,150.0,13.0,,
53,"Anderson, Tim",SS,147.0,-18.5,146.5,-20.5,151.0,-7.0,152.0,-5.5
54,"Andrus, Elvis",2B,154.0,6.0,155.0,3.0,149.0,19.0,148.0,20.0
55,"Andrus, Elvis",3B,117.0,-36.0,,,,,,
56,"Andrus, Elvis",SS,151.0,-15.0,,,154.0,-5.0,154.0,-3.0
57,"Andujar, Miguel",LF,304.0,-27.0,,,297.0,-28.0,297.0,-28.0
58,"Andujar, Miguel",RF,288.0,28.0,284.0,29.0,294.0,25.0,295.0,26.0
59,"Aranda, Jonathan",1B,100.5,29.0,96.5,26.5,117.0,38.5,120.0,40.5
60,"Aranda, Jonathan",2B,152.5,5.0,153.0,2.0,146.5,19.0,145.5,20.5
61,"Aranda, Jonathan",3B,121.0,-37.0,,,108.0,-27.0,,
62,"Araúz, Jonathan",2B,154.0,7.0,,,150.0,17.0,150.0,18.0
63,"Araúz, Jonathan",3B,120.0,-35.0,,,113.0,-27.0,138.0,-22.0
64,"Araúz, Jonathan",SS,150.0,-16.0,,,,,,
65,"Arcia, Orlando",SS,147.5,-19.5,147.0,-20.5,152.5,-7.5,153.0,-5.0
66,"Arenado, Nolan",3B,121.0,-35.5,119.0,-36.0,109.5,-25.5,126.0,-22.0
67,"Arias, Gabriel",1B,115.5,29.5,,,124.0,39.0,125.0,40.0
68,"Arias, Gabriel",2B,153.5,7.5,,,149.0,20.0,149.0,19.0
69,"Arias, Gabriel",3B,124.0,-35.5,123.0,-36.0,116.0,-26.0,141.5,-21.0
70,"Arias, Gabriel",CF,322.0,2.0,,,,,,
71,"Arias, Gabriel",LF,300.0,-24.0,,,,,,
72,"Arias, Gabriel",RF,296.0,27.0,,,301.0,26.0,302.0,26.0
73,"Arias, Gabriel",SS,148.0,-19.0,,,153.0,-5.5,154.0,-4.0
74,"Arozarena, Randy",CF,322.5,0.5,327.0,1.0,323.0,0.0,326.0,1.0
75,"Arozarena, Randy",LF,299.0,-26.333333333333332,300.0,-27.0,284.0,-28.666666666666668,286.6666666666667,-27.333333333333332
76,"Arraez, Luis",1B,118.0,29.5,115.0,28.5,123.5,37.5,125.0,38.5
77,"Arraez, Luis",2B,153.0,7.0,154.0,1.5,148.33333333333334,19.0,148.0,19.666666666666668
78,"Arroyo, Christian",2B,153.0,8.0,,,149.0,17.0,148.0,19.0
79,"Arroyo, Christian",SS,148.0,-16.0,,,152.0,-7.0,,
80,"Azocar, José",CF,320.5,2.5,,,320.0,-1.5,322.5,-2.5
81,"Azocar, José",LF,300.5,-25.5,,,287.0,-29.5,291.5,-28.5
82,"Azocar, José",RF,289.5,29.0,,,302.0,25.0,300.0,25.0
83,"Baddoo, Akil",CF,323.0,0.0,,,,,,
84,"Baddoo, Akil",LF,305.5,-25.5,298.0,-28.0,283.0,-29.5,285.5,-29.0
85,"Baddoo, Akil",RF,286.0,27.0,,,,,,
86,"Bader, Harrison",CF,325.3333333333333,1.3333333333333333,,,324.3333333333333,-3.0,326.6666666666667,-2.6666666666666665
87,"Bae, Ji Hwan",2B,153.0,6.0,153.0,3.0,148.0,19.0,148.0,19.0
88,"Bae, Ji Hwan",CF,321.0,2.5,320.5,4.0,318.0,-3.5,321.0,-3.0
89,"Bae, Ji Hwan",RF,283.0,30.0,,,297.0,25.0,,
90,"Bae, Ji Hwan",SS,148.0,-16.0,,,,,,
91,"Baker, Darren",2B,149.0,7.0,,,146.0,20.0,,
92,"Baker, Luken",1B,114.0,30.0,113.0,30.0,,,,
93,"Baldwin, Brooks",2B,153.0,6.0,153.0,5.0,148.0,20.0,148.0,21.0
94,"Baldwin, Brooks",SS,149.0,-18.0,,,154.0,-5.0,154.0,-4.0
95,"Bannon, Rylan",2B,154.0,6.0,,,,,,
96,"Barger, Addison",3B,117.0,-36.0,118.0,-38.0,109.0,-27.0,132.0,-20.0
97,"Barger, Addison",LF,306.0,-25.0,312.0,-25.0,293.0,-28.0,296.0,-29.0
98,"Barger, Addison",RF,291.0,28.0,292.0,28.0,308.0,25.0,306.0,26.0
99,"Barrero, Jose",CF,323.0,2.0,,,320.0,-5.0,322.0,-3.0
100,"Barrero, Jose",SS,148.0,-18.0,146.0,-24.0,152.0,-9.0,153.0,-3.0
101,"Barrosa, Jorge",CF,329.0,3.0,,,325.0,-3.0,325.0,-2.0
102,"Basabe, Osleivis",2B,153.0,5.0,,,,,,
103,"Basabe, Osleivis",3B,120.0,-38.0,,,111.0,-28.0,150.0,-20.0
104,"Basabe, Osleivis",SS,148.0,-19.0,146.0,-22.0,153.0,-6.0,154.0,-4.0
105,"Batten, Matthew",1B,112.0,28.0,,,124.0,37.0,129.0,38.0
106,"Batten, Matthew",2B,154.0,5.0,,,149.0,18.0,149.0,19.0
107,"Batten, Matthew",3B,123.0,-36.0,,,106.0,-26.0,139.0,-22.0
108,"Baty, Brett",3B,121.0,-35.5,120.0,-38.0,105.0,-27.5,135.0,-21.0
109,"Bauers, Jake",1B,114.0,28.0,113.0,28.0,125.0,38.5,126.0,38.0
110,"Bauers, Jake",LF,301.5,-26.5,,,291.0,-28.0,290.0,-28.0
111,"Bauers, Jake",RF,289.0,27.0,,,300.0,26.5,300.0,26.0
112,"Beaty, Matt",1B,111.0,27.0,,,119.0,39.0,126.0,39.0
113,"Beck, Jordan",CF,326.0,2.0,,,316.0,-2.0,,
114,"Beck, Jordan",LF,299.0,-27.0,,,287.0,-30.0,290.0,-29.0
115,"Beck, Jordan",RF,292.0,29.0,,,298.0,27.0,300.0,28.0
116,"Bell, Josh",1B,112.25,29.5,110.0,29.333333333333332,120.5,36.75,122.5,37.25
117,"Bellinger, Cody",1B,117.5,33.5,117.0,33.0,121.5,38.0,123.0,38.5
118,"Bellinger, Cody",CF,324.0,1.5,325.0,0.0,322.5,-2.0,326.5,-1.0
119,"Bellinger, Cody",RF,290.0,28.0,,,303.0,27.0,304.0,28.0
120,"Belt, Brandon",1B,112.0,26.0,112.0,23.0,122.0,34.0,122.0,34.0
121,"Benintendi, Andrew",LF,300.0,-27.0,302.5,-27.0,294.5,-28.0,297.5,-27.0
122,"Benson, Will",CF,319.0,4.0,320.0,3.0,314.0,-4.0,320.0,-3.5
123,"Benson, Will",LF,306.0,-24.0,303.5,-25.5,283.0,-30.0,289.5,-29.0
124,"Benson, Will",RF,290.0,29.0,291.5,28.0,305.0,24.0,305.0,25.5
125,"Berroa, Steward",LF,310.0,-26.0,,,,,,
126,"Berroa, Steward",RF,288.0,29.0,293.0,28.0,,,,
127,"Berti, Jon",2B,153.5,7.5,,,150.0,18.0,150.0,18.5
128,"Berti, Jon",3B,123.5,-35.5,121.0,-37.0,115.5,-27.0,128.0,-22.0
129,"Berti, Jon",LF,302.0,-25.0,303.0,-26.0,292.0,-27.0,295.0,-27.0
130,"Berti, Jon",SS,151.0,-16.0,149.0,-18.0,154.0,-4.0,154.0,-3.0
131,"Betts, Mookie",2B,154.0,5.0,154.0,3.0,148.0,19.0,148.0,20.0
132,"Betts, Mookie",RF,284.5,27.0,284.5,26.5,300.5,25.5,299.0,26.5
133,"Betts, Mookie",SS,149.5,-18.0,148.0,-19.0,154.0,-5.0,154.0,-3.5
134,"Bichette, Bo",SS,147.0,-20.0,147.0,-20.5,153.0,-6.0,153.0,-4.0
135,"Biggio, Cavan",1B,117.0,28.333333333333332,,,126.0,38.5,126.5,38.5
136,"Biggio, Cavan",2B,153.33333333333334,7.333333333333333,154.0,3.0,149.0,18.0,148.66666666666666,19.333333333333332
137,"Biggio, Cavan",3B,120.33333333333333,-36.666666666666664,,,117.5,-26.0,138.5,-22.5
138,"Biggio, Cavan",RF,282.0,28.0,282.5,27.0,302.0,24.5,303.0,25.5
139,"Black, Tyler",1B,114.0,30.0,,,129.0,38.0,,
140,"Blackmon, Charlie",RF,296.5,27.5,294.0,28.0,300.0,26.0,301.0,26.5
141,"Blanco, Dairon",CF,322.0,2.5,324.0,3.0,318.5,-2.5,323.5,-2.5
142,"Blanco, Dairon",LF,301.5,-27.0,300.0,-28.0,285.5,-29.0,289.0,-28.5
143,"Blanco, Dairon",RF,286.5,27.5,285.0,26.0,297.5,25.5,295.5,26.0
144,"Blankenhorn, Travis",LF,311.0,-28.0,,,303.0,-32.0,,
145,"Blankenhorn, Travis",RF,298.0,29.0,,,303.0,27.5,,
146,"Bleday, JJ",CF,324.5,1.5,319.0,-1.0,323.5,-2.0,324.0,-1.0
147,"Bleday, JJ",LF,299.0,-25.0,,,294.0,-28.0,293.0,-28.0
148,"Bleday, JJ",RF,299.0,28.0,,,305.0,25.0,305.0,26.0
149,"Bliss, Ryan",2B,152.0,6.0,153.0,5.0,147.0,20.0,147.0,20.0
150,"Bogaerts, Xander",2B,154.0,6.0,154.0,3.0,148.0,21.0,148.0,21.0
151,"Bogaerts, Xander",SS,149.0,-20.0,149.0,-21.0,153.5,-5.5,154.0,-4.0
152,"Bohm, Alec",1B,116.0,30.0,114.0,28.0,122.5,38.0,123.5,39.5
153,"Bohm, Alec",3B,120.5,-36.0,120.5,-38.5,117.5,-28.0,131.0,-24.0
154,"Bote, David",2B,153.0,5.0,,,148.0,18.0,,
155,"Bote, David",3B,117.0,-35.0,,,108.0,-25.0,127.0,-22.0
156,"Bouchard, Sean",LF,296.5,-27.0,,,288.5,-29.0,290.5,-28.5
157,"Bouchard, Sean",RF,294.5,27.5,,,297.0,26.5,299.0,27.0
158,"Bradley Jr., Jackie",CF,328.0,1.0,330.0,1.0,327.0,-2.0,330.0,-2.0
159,"Bradley Jr., Jackie",LF,303.0,-28.0,303.0,-28.0,300.0,-26.0,,
160,"Bradley Jr., Jackie",RF,290.0,27.0,293.0,27.0,289.0,27.0,,
161,"Brantley, Michael",LF,297.0,-25.0,298.0,-26.0,,,,
162,"Bregman, Alex",3B,118.5,-36.0,119.5,-37.0,103.0,-27.5,129.0,-22.5
163,"Brennan, Will",CF,318.5,2.0,,,318.5,1.5,321.5,1.0
164,"Brennan, Will",LF,300.5,-23.5,295.0,-25.0,294.0,-26.5,296.0,-25.5
165,"Brennan, Will",RF,293.0,28.0,297.0,26.0,298.0,25.5,297.0,26.5
166,"Bride, Jonah",1B,112.5,30.0,110.0,29.0,122.0,37.0,121.0,38.0
167,"Bride, Jonah",2B,152.0,5.0,,,,,,
168,"Bride, Jonah",3B,121.0,-36.0,119.0,-38.0,113.0,-27.0,126.5,-23.5
169,"Brooks, Trenton",1B,113.0,30.0,,,122.0,40.0,122.0,40.0
170,"Brosseau, Mike",1B,120.0,29.0,,,129.0,36.0,131.0,38.0
171,"Brosseau, Mike",3B,120.0,-36.0,,,114.0,-26.0,123.0,-23.0
172,"Brown, Seth",1B,117.5,30.0,,,126.0,38.5,128.0,39.0
173,"Brown, Seth",LF,301.5,-26.0,300.0,-28.0,291.5,-29.5,291.0,-28.0
174,"Brown, Seth",RF,291.0,28.0,,,297.5,26.5,297.5,26.5
175,"Bruján, Vidal",2B,152.0,5.5,152.0,3.0,146.5,19.0,146.0,21.0
176,"Bruján, Vidal",3B,120.5,-37.0,119.5,-38.5,121.0,-26.0,,
177,"Bruján, Vidal",CF,325.0,0.0,327.0,-3.0,323.0,-3.0,325.0,-3.0
178,"Bruján, Vidal",RF,295.5,26.0,298.0,23.0,298.5,25.5,300.5,26.5
179,"Bruján, Vidal",SS,146.5,-19.5,146.0,-21.0,151.5,-6.0,152.0,-3.0
180,"Bryant, Kris",1B,112.0,31.0,,,121.0,38.5,121.5,38.5
181,"Bryant, Kris",RF,292.5,27.0,289.0,27.0,295.0,25.5,295.5,26.0
182,"Burdick, Peyton",CF,330.0,-1.0,327.0,-2.0,,,,
183,"Burdick, Peyton",RF,292.0,27.0,294.0,26.0,304.0,24.0,303.0,25.0
184,"Burger, Jake",1B,114.5,30.0,117.0,32.0,124.5,38.0,125.5,38.0
185,"Burger, Jake",2B,151.0,6.0,,,145.0,22.0,,
186,"Burger, Jake",3B,123.0,-35.666666666666664,123.0,-38.0,114.33333333333333,-26.666666666666668,132.33333333333334,-22.666666666666668
187,"Burleson, Alec",1B,110.5,31.0,110.0,29.0,124.5,37.5,125.0,38.0
188,"Burleson, Alec",LF,308.0,-25.0,307.0,-25.0,291.5,-28.5,292.5,-28.5
189,"Burleson, Alec",RF,293.0,28.0,285.0,29.0,305.0,26.5,305.5,26.5
190,"Busch, Michael",1B,116.5,30.5,114.0,29.0,127.0,37.0,129.0,37.0
191,"Busch, Michael",2B,153.0,5.0,,,,,,
192,"Busch, Michael",3B,117.0,-37.0,,,112.0,-28.0,129.0,-23.0
193,"Butler, Lawrence",CF,327.0,3.0,,,326.0,-2.0,323.0,-2.0
194,"Butler, Lawrence",RF,296.5,27.5,292.0,28.0,300.0,27.0,301.0,28.0
195,"Buxton, Byron",CF,321.0,1.0,322.0,1.0,316.0,-1.0,322.0,-1.0
196,"Báez, Javier",SS,145.0,-19.5,144.0,-22.0,150.0,-4.5,151.5,-3.0
197,"Caballero, José",2B,153.0,5.0,153.5,2.5,147.5,20.0,147.0,21.0
198,"Caballero, José",3B,122.0,-35.5,122.0,-38.0,106.0,-27.0,127.5,-22.0
199,"Caballero, José",SS,147.5,-20.0,147.0,-20.5,152.5,-5.5,153.0,-2.5
200,"Cabbage, Trey",1B,119.0,32.0,,,,,,
201,"Cabbage, Trey",CF,329.0,2.0,,,,,,
202,"Cabbage, Trey",LF,309.0,-24.5,303.0,-27.0,,,,
203,"Cabbage, Trey",RF,294.5,28.5,295.0,27.0,302.0,25.0,304.5,25.5
204,"Cabrera, Oswaldo",1B,108.0,27.0,,,119.0,36.0,121.0,37.0
205,"Cabrera, Oswaldo",2B,153.5,6.5,,,148.0,19.0,148.0,20.5
206,"Cabrera, Oswaldo",3B,121.5,-35.5,,,117.0,-26.5,129.0,-21.5
207,"Cabrera, Oswaldo",LF,300.0,-26.0,,,290.0,-28.0,292.0,-27.0
208,"Cabrera, Oswaldo",RF,288.5,27.0,,,297.0,26.0,296.0,26.0
209,"Cabrera, Oswaldo",SS,148.0,-18.0,,,153.0,-6.0,154.0,-3.0
210,"Calhoun, Kole",1B,111.0,32.0,,,119.0,39.0,119.0,39.0
211,"Calhoun, Kole",RF,297.0,27.0,,,,,,
212,"Calhoun, Willie",1B,106.0,33.0,105.0,33.0,,,,
213,"Calhoun, Willie",LF,294.0,-26.0,,,287.0,-28.0,288.0,-29.0
214,"Calhoun, Willie",RF,288.0,27.0,,,296.0,27.0,295.0,26.0
215,"Call, Alex",CF,327.0,-0.5,,,325.5,-1.0,332.0,0.0
216,"Call, Alex",LF,308.0,-26.0,,,298.0,-28.0,299.0,-27.0
217,"Call, Alex",RF,295.5,27.0,,,301.0,26.0,300.0,25.0
218,"Camargo, Johan",3B,121.0,-35.0,,,,,,
219,"Camargo, Johan",SS,147.0,-16.0,,,150.0,-8.0,152.0,-4.0
220,"Cameron, Daz",CF,315.0,1.0,310.0,1.0,317.0,-1.0,316.0,-1.0
221,"Cameron, Daz",LF,298.0,-27.0,295.0,-28.0,292.0,-29.0,294.0,-29.0
222,"Cameron, Daz",RF,292.0,27.0,,,293.0,27.0,292.0,28.0
223,"Caminero, Junior",3B,119.5,-37.5,121.0,-39.0,114.5,-29.0,126.5,-23.5
224,"Caminero, Junior",SS,147.0,-19.0,,,,,,
225,"Campero, Gustavo",RF,291.0,28.0,295.0,27.0,310.0,26.0,307.0,26.0
226,"Canario, Alexander",CF,328.0,2.0,,,,,,
227,"Canario, Alexander",LF,304.0,-26.0,,,287.0,-29.0,300.0,-28.0
228,"Canario, Alexander",RF,287.0,28.0,,,303.0,25.5,304.0,27.0
229,"Candelario, Jeimer",1B,111.5,28.0,110.0,27.0,123.5,37.0,128.0,37.0
230,"Candelario, Jeimer",3B,121.33333333333333,-36.333333333333336,125.0,-37.0,117.66666666666667,-26.666666666666668,126.66666666666667,-23.0
231,"Canha, Mark",1B,112.75,31.25,114.0,30.0,121.25,38.75,123.75,39.75
232,"Canha, Mark",LF,304.0,-26.333333333333332,,,295.0,-29.333333333333332,295.0,-28.666666666666668
233,"Canha, Mark",RF,292.25,28.25,297.0,26.0,301.75,25.25,304.0,26.0
234,"Canzone, Dominic",LF,302.0,-25.5,303.5,-25.5,291.0,-29.0,291.0,-28.5
235,"Canzone, Dominic",RF,290.3333333333333,27.333333333333332,290.0,28.0,298.0,24.5,298.0,26.333333333333332
236,"Capel, Conner",LF,303.0,-26.0,,,288.0,-29.0,292.0,-28.0
237,"Capel, Conner",RF,287.0,29.0,,,297.0,25.0,296.0,26.0
238,"Capra, Vinny",2B,153.0,6.0,,,149.0,17.0,149.0,17.0
239,"Capra, Vinny",3B,119.0,-36.0,,,125.0,-26.0,,
240,"Caratini, Victor",1B,105.0,28.5,104.0,27.0,118.0,37.0,123.0,39.0
241,"Carlson, Dylan",CF,315.0,3.0,311.0,3.0,315.5,-3.0,318.0,-2.5
242,"Carlson, Dylan",LF,303.6666666666667,-25.0,309.0,-26.0,288.0,-28.0,294.0,-28.0
243,"Carlson, Dylan",RF,290.3333333333333,27.333333333333332,292.5,26.5,299.0,25.0,300.3333333333333,26.333333333333332
244,"Carpenter, Kerry",LF,306.0,-26.5,,,283.0,-31.0,288.0,-28.5
245,"Carpenter, Kerry",RF,286.0,27.0,290.0,25.5,304.0,23.0,303.5,24.5
246,"Carpenter, Matt",1B,111.5,30.5,,,122.0,41.0,124.0,41.0
247,"Carroll, Corbin",CF,318.5,2.0,319.5,1.0,318.5,-1.0,320.5,-0.5
248,"Carroll, Corbin",LF,297.0,-26.0,298.0,-27.0,290.0,-27.0,294.0,-27.0
249,"Carroll, Corbin",RF,291.5,27.0,291.0,26.5,296.0,26.5,296.5,27.0
250,"Carter, Evan",CF,323.0,0.0,,,,,,
251,"Carter, Evan",LF,301.0,-28.0,300.0,-29.5,295.5,-28.0,298.5,-27.0
252,"Carter, Evan",RF,295.0,28.0,,,,,,
253,"Casas, Triston",1B,113.5,29.5,113.0,27.0,122.0,36.0,123.0,36.0
254,"Castellanos, Nick",RF,290.5,28.5,294.5,28.5,302.0,25.5,304.5,25.5
255,"Castillo, Diego A.",3B,117.0,-37.0,,,114.0,-27.0,,
256,"Castro, Harold",2B,151.0,9.0,152.0,5.0,147.0,19.0,145.0,22.0
257,"Castro, Harold",3B,119.0,-36.0,,,,,,
258,"Castro, Harold",CF,319.0,2.0,,,314.0,-3.0,319.0,-3.0
259,"Castro, Harold",LF,308.0,-26.0,,,296.0,-31.0,,
260,"Castro, Harold",RF,297.0,28.0,,,299.0,26.0,303.0,27.0
261,"Castro, Harold",SS,148.0,-16.0,,,152.0,-7.0,,
262,"Castro, Rodolfo",2B,154.0,7.5,,,150.0,18.5,150.0,18.0
263,"Castro, Rodolfo",3B,123.0,-36.0,123.0,-35.0,120.5,-26.5,133.0,-23.0
264,"Castro, Rodolfo",SS,151.0,-16.0,,,154.0,-5.0,155.0,-4.0
265,"Castro, Willi",2B,153.0,6.5,,,147.0,22.0,147.0,22.5
266,"Castro, Willi",3B,121.5,-36.5,121.5,-37.5,121.5,-28.0,130.0,-25.5
267,"Castro, Willi",CF,326.5,1.0,327.0,0.5,323.5,-1.5,326.0,-1.0
268,"Castro, Willi",LF,302.0,-27.0,303.5,-26.5,290.0,-28.0,291.5,-28.0
269,"Castro, Willi",RF,287.0,31.0,,,,,,
270,"Castro, Willi",SS,148.0,-20.0,146.0,-21.0,153.0,-6.0,153.0,-4.0
271,"Cave, Jake",1B,110.0,34.0,,,124.0,40.0,125.0,41.0
272,"Cave, Jake",CF,323.5,0.5,,,322.0,-2.0,327.0,0.0
273,"Cave, Jake",LF,301.5,-26.5,300.0,-27.0,293.0,-29.0,295.5,-28.5
274,"Cave, Jake",RF,294.0,28.5,,,299.5,26.0,304.0,26.0
275,"Chang, Yu",2B,153.0,9.0,,,,,,
276,"Chang, Yu",SS,149.0,-17.0,149.0,-18.0,151.0,-6.0,153.0,-4.0
277,"Chaparro, Andrés",1B,121.0,30.0,,,129.0,39.0,130.0,38.0
278,"Chapman, Matt",3B,129.0,-38.0,129.0,-38.0,120.5,-27.5,127.0,-24.5
279,"Chavis, Michael",1B,113.0,29.0,,,120.0,38.0,,
280,"Chavis, Michael",2B,153.0,6.0,,,149.0,17.0,148.0,19.0
281,"Chavis, Michael",3B,118.0,-38.0,,,118.0,-30.0,,
282,"Chisholm Jr., Jazz",2B,153.0,5.0,153.0,2.0,,,,
283,"Chisholm Jr., Jazz",3B,125.0,-38.0,,,123.0,-29.0,138.0,-22.0
284,"Chisholm Jr., Jazz",CF,324.3333333333333,1.0,321.5,-0.5,319.5,-3.0,324.6666666666667,-3.0
285,"Choi, Ji Man",1B,109.5,30.5,,,118.0,36.5,120.0,37.0
286,"Chourio, Jackson",LF,305.0,-28.0,308.0,-29.0,300.0,-28.0,304.0,-27.0
287,"Chourio, Jackson",RF,299.0,26.0,302.0,26.0,304.0,27.0,306.0,28.0
288,"Clase, Jonatan",CF,320.0,3.0,325.0,1.0,,,,
289,"Clase, Jonatan",LF,304.0,-26.0,305.0,-26.0,293.0,-29.0,291.0,-28.0
290,"Clemens, Kody",1B,123.0,31.5,121.0,30.0,125.0,37.5,124.0,40.0
291,"Clemens, Kody",2B,154.0,6.0,,,148.0,20.0,,
292,"Clemens, Kody",3B,124.0,-36.0,,,124.0,-28.0,,
293,"Clemens, Kody",LF,300.0,-25.0,,,291.0,-29.0,,
294,"Clemens, Kody",RF,300.0,26.0,,,,,,
295,"Clement, Ernie",2B,154.0,5.5,154.0,2.0,,,,
296,"Clement, Ernie",3B,120.0,-37.0,121.0,-38.0,111.0,-26.0,136.0,-21.0
297,"Clement, Ernie",SS,149.0,-19.5,148.0,-21.0,153.0,-7.5,155.0,-3.0
298,"Collins, Isaac",LF,310.0,-28.0,,,308.0,-26.0,,
299,"Colás, Oscar",CF,324.0,2.5,321.0,4.0,324.5,-1.5,324.0,-1.0
300,"Colás, Oscar",RF,298.5,29.0,296.0,30.0,306.0,26.5,306.5,27.0
301,"Conforto, Michael",LF,300.0,-26.5,301.0,-28.0,289.5,-29.0,293.5,-28.5
302,"Conforto, Michael",RF,293.0,29.0,296.0,28.0,300.0,26.0,301.0,27.0
303,"Conine, Griffin",LF,301.0,-27.0,301.0,-28.0,296.0,-29.0,295.0,-29.0
304,"Conine, Griffin",RF,300.0,27.0,305.0,25.0,308.0,25.0,309.0,25.0
305,"Cook, Billy",1B,111.0,31.0,,,118.0,37.0,,
306,"Cook, Billy",CF,326.0,4.0,,,324.0,-4.0,,
307,"Cook, Billy",LF,310.0,-24.0,,,290.0,-29.0,,
308,"Cook, Billy",RF,288.0,30.0,,,302.0,24.0,,
309,"Cooper, Garrett",1B,109.25,29.5,106.0,28.0,116.75,36.75,118.66666666666667,37.666666666666664
310,"Cordero, Franchy",LF,304.0,-25.0,,,291.0,-27.0,295.0,-27.0
311,"Cordero, Franchy",RF,291.0,28.0,,,303.0,26.0,302.0,27.0
312,"Correa, Carlos",SS,149.0,-20.0,147.0,-22.5,154.0,-4.0,155.0,-3.0
313,"Cowser, Colton",CF,323.0,2.5,329.0,2.0,319.0,-3.5,323.5,-2.5
314,"Cowser, Colton",LF,305.5,-24.5,307.0,-25.0,285.0,-31.0,289.5,-30.0
315,"Cowser, Colton",RF,288.0,30.0,,,301.0,25.0,304.0,24.5
316,"Crawford, Brandon",3B,117.0,-36.0,,,121.0,-27.0,,
317,"Crawford, Brandon",SS,148.5,-17.0,148.0,-18.0,152.0,-6.5,153.5,-4.5
318,"Crawford, J.P.",SS,146.5,-18.0,145.5,-19.0,151.5,-6.0,152.5,-5.0
319,"Crews, Dylan",CF,328.0,-1.0,,,324.0,-2.0,,
320,"Crews, Dylan",RF,300.0,28.0,,,301.0,26.0,301.0,26.0
321,"Cron, C.J.",1B,116.0,29.0,109.0,24.0,119.0,35.5,122.0,38.5
322,"Cronenworth, Jake",1B,115.0,28.0,114.5,26.5,126.5,36.5,127.5,37.0
323,"Cronenworth, Jake",2B,153.0,6.5,154.0,3.0,148.5,19.0,148.5,19.5
324,"Crow-Armstrong, Pete",CF,327.5,1.5,327.0,0.0,324.0,-2.0,328.0,-1.0
325,"Cruz, Oneil",CF,330.0,3.0,,,325.0,-3.0,,
326,"Cruz, Oneil",SS,149.0,-18.0,148.0,-18.0,153.0,-7.0,153.0,-5.0
327,"Dahl, David",LF,305.0,-25.0,,,292.0,-30.0,,
328,"Dahl, David",RF,291.0,29.0,,,307.0,24.0,,
329,"Dalbec, Bobby",1B,114.5,27.5,113.0,24.0,127.0,36.0,128.0,37.0
330,"Dalbec, Bobby",3B,121.5,-36.0,,,125.0,-25.0,131.0,-21.5
331,"Dalbec, Bobby",RF,293.0,29.0,,,,,,
332,"Dalbec, Bobby",SS,146.0,-17.0,,,,,,
333,"Davis, Henry",RF,292.0,28.0,292.0,27.0,302.0,26.0,302.0,26.0
334,"Davis, J.D.",1B,111.0,28.333333333333332,,,121.5,37.5,124.66666666666667,38.666666666666664
335,"Davis, J.D.",3B,124.5,-36.5,125.0,-37.0,114.5,-27.5,127.5,-20.5
336,"Davis, Jonathan",CF,319.0,2.0,320.0,-1.0,317.0,-4.0,318.0,-2.0
337,"Davis, Jonathan",RF,283.0,27.0,284.0,26.0,,,,
338,"Daza, Yonathan",CF,334.0,3.0,333.0,3.0,331.0,-4.0,332.0,-3.0
339,"De La Cruz, Bryan",CF,321.0,2.0,319.0,0.0,317.0,-1.0,322.0,-2.0
340,"De La Cruz, Bryan",LF,303.6666666666667,-26.0,302.0,-27.0,290.3333333333333,-29.0,291.5,-28.0
341,"De La Cruz, Bryan",RF,293.3333333333333,28.666666666666668,295.0,26.0,301.3333333333333,24.666666666666668,302.0,25.666666666666668
342,"De La Cruz, Elly",3B,128.0,-36.0,129.0,-36.0,134.0,-27.0,140.0,-23.0
343,"De La Cruz, Elly",SS,148.5,-18.0,147.5,-20.0,152.5,-7.0,153.5,-4.0
344,"De Los Santos, Luis",3B,122.0,-37.0,123.0,-37.0,,,,
345,"DeJong, Paul",3B,119.0,-37.0,117.0,-37.0,118.0,-26.0,131.0,-23.0
346,"DeJong, Paul",SS,149.0,-17.5,148.66666666666666,-19.0,153.5,-4.5,153.5,-4.0
347,"DeLoach, Zach",CF,323.0,1.0,,,,,,
348,"DeLoach, Zach",LF,297.0,-28.0,,,286.0,-30.0,290.0,-29.0
349,"DeLoach, Zach",RF,288.0,29.0,286.0,31.0,297.0,27.0,299.0,28.0
350,"DeLuca, Jonny",CF,323.0,1.0,326.0,0.0,324.0,-2.0,324.0,-1.0
351,"DeLuca, Jonny",LF,303.0,-25.5,310.0,-26.0,299.0,-28.0,292.5,-27.0
352,"DeLuca, Jonny",RF,289.0,27.0,295.0,27.0,303.0,26.0,298.0,26.0
353,"Devers, Rafael",3B,123.0,-36.0,123.5,-36.0,108.5,-27.0,133.0,-21.5
354,"Dezenzo, Zach",1B,110.0,29.0,109.0,28.0,120.0,37.0,123.0,38.0
355,"Dezenzo, Zach",3B,126.0,-37.0,,,,,,
356,"Diaz, Jordan",1B,109.0,29.0,,,125.0,41.0,128.0,41.0
357,"Diaz, Jordan",2B,152.0,9.0,,,147.0,20.0,146.0,23.0
358,"Diaz, Jordan",3B,122.0,-37.0,,,116.0,-26.0,127.0,-22.0
359,"Diaz, Yainer",1B,109.5,28.0,108.0,29.0,121.5,38.0,123.0,38.0
360,"Dickerson, Corey",LF,310.0,-27.0,,,299.0,-29.0,300.0,-28.0
361,"Dixon, Brandon",1B,118.0,30.0,,,125.0,37.0,126.0,37.0
362,"Dixon, Brandon",RF,295.0,28.0,,,302.0,25.0,304.0,27.0
363,"Domínguez, Jasson",CF,329.5,0.0,,,330.0,-4.0,329.5,-1.5
364,"Domínguez, Jasson",LF,307.0,-28.0,,,305.0,-29.0,306.0,-28.0
365,"Donaldson, Josh",3B,123.0,-36.0,,,114.0,-26.0,120.0,-23.5
366,"Donovan, Brendan",1B,119.0,30.0,,,120.0,39.0,122.0,40.0
367,"Donovan, Brendan",2B,153.5,5.5,154.0,2.0,147.5,20.5,147.5,21.0
368,"Donovan, Brendan",3B,116.5,-35.5,,,108.5,-27.5,126.0,-22.0
369,"Donovan, Brendan",LF,306.5,-25.5,,,293.0,-28.5,295.0,-27.5
370,"Donovan, Brendan",RF,290.0,28.0,,,301.0,27.0,305.0,28.0
371,"Donovan, Brendan",SS,148.0,-19.0,,,,,,
372,"Downs, Jeter",SS,147.0,-20.0,,,153.0,-6.0,,
373,"Doyle, Brenton",CF,324.0,2.0,323.5,1.0,321.5,-2.0,325.5,-1.0
374,"Dozier, Hunter",1B,103.0,27.0,100.0,25.0,122.0,38.0,,
375,"Dozier, Hunter",3B,116.0,-38.0,118.0,-39.0,116.0,-27.0,133.0,-22.0
376,"Dozier, Hunter",RF,287.0,27.0,,,298.0,26.0,298.0,27.0
377,"Drury, Brandon",1B,116.5,31.5,115.5,30.0,123.0,38.0,127.0,38.5
378,"Drury, Brandon",2B,153.0,6.5,153.5,4.5,149.0,19.0,147.5,20.0
379,"Drury, Brandon",3B,122.0,-35.0,124.0,-36.0,112.0,-27.0,130.0,-22.0
380,"Dubón, Mauricio",1B,106.5,31.5,105.0,30.0,115.5,37.5,121.0,38.0
381,"Dubón, Mauricio",2B,153.0,7.0,154.0,3.0,149.0,18.0,148.5,19.5
382,"Dubón, Mauricio",3B,127.0,-36.0,129.0,-37.0,109.0,-29.0,128.0,-25.0
383,"Dubón, Mauricio",CF,319.0,3.0,321.0,0.5,314.5,-3.5,318.0,-1.0
384,"Dubón, Mauricio",LF,305.0,-25.0,300.0,-27.0,285.0,-30.0,294.0,-28.5
385,"Dubón, Mauricio",RF,289.0,30.0,293.0,28.0,299.0,26.0,300.0,27.0
386,"Dubón, Mauricio",SS,147.0,-17.5,146.0,-19.0,151.5,-5.5,152.0,-4.0
387,"Duffy, Matt",1B,112.0,27.0,,,121.0,37.0,123.0,38.0
388,"Duffy, Matt",2B,154.0,6.0,154.0,4.0,148.0,20.0,146.0,23.0
389,"Duffy, Matt",3B,121.0,-36.5,121.0,-39.0,120.0,-26.0,133.5,-22.0
390,"Dunn, Blake",CF,319.0,3.0,,,,,,
391,"Dunn, Blake",LF,309.0,-26.0,304.0,-26.0,288.0,-30.0,293.0,-29.0
392,"Dunn, Blake",RF,275.0,28.0,,,,,,
393,"Dunn, Oliver",3B,123.0,-36.0,,,122.0,-26.0,137.0,-23.0
394,"Duran, Ezequiel",1B,118.0,31.5,,,126.0,38.0,127.0,39.0
395,"Duran, Ezequiel",2B,153.5,6.0,,,,,,
396,"Duran, Ezequiel",3B,122.0,-37.5,124.5,-38.0,111.5,-27.0,133.5,-21.5
397,"Duran, Ezequiel",LF,298.0,-27.5,,,287.0,-28.0,292.0,-28.0
398,"Duran, Ezequiel",RF,290.0,28.0,,,,,,
399,"Duran, Ezequiel",SS,149.5,-17.5,148.0,-19.0,153.0,-5.0,153.5,-3.0
400,"Duran, Jarren",CF,327.0,1.0,331.0,1.5,325.5,1.0,325.5,1.0
401,"Duran, Jarren",LF,301.5,-28.0,297.0,-28.0,292.0,-28.5,293.5,-27.5
402,"Duvall, Adam",CF,328.0,1.0,328.0,0.0,328.0,2.0,328.0,3.0
403,"Duvall, Adam",LF,300.5,-26.5,300.0,-26.0,284.0,-28.0,292.0,-27.5
404,"Duvall, Adam",RF,291.0,28.0,,,295.0,28.0,297.5,28.0
405,"Díaz, Aledmys",1B,106.5,32.0,,,,,,
406,"Díaz, Aledmys",2B,152.0,9.0,,,147.0,20.0,146.0,23.0
407,"Díaz, Aledmys",3B,117.0,-37.0,,,116.0,-27.0,123.0,-22.0
408,"Díaz, Aledmys",LF,303.0,-28.0,,,282.0,-31.0,286.0,-31.0
409,"Díaz, Aledmys",SS,147.5,-17.5,,,150.5,-6.5,152.0,-4.0
410,"Díaz, Isan",2B,153.0,7.0,,,148.0,20.0,147.0,21.0
411,"Díaz, Yandy",1B,106.0,31.5,104.5,31.0,118.0,38.5,119.5,39.0
412,"Díaz, Yandy",3B,114.0,-36.0,117.0,-38.0,106.0,-27.0,119.0,-23.0
413,"Eaton, Nate",CF,327.0,3.0,,,326.0,-4.0,330.0,-2.0
414,"Eaton, Nate",LF,306.0,-28.0,,,297.0,-28.0,291.0,-28.0
415,"Eaton, Nate",RF,304.0,28.0,309.0,27.0,285.0,27.0,,
416,"Eden, Cam",LF,296.0,-24.0,,,,,,
417,"Edman, Tommy",2B,154.0,5.0,154.0,3.0,149.0,18.0,148.0,20.0
418,"Edman, Tommy",CF,315.0,1.5,314.0,0.5,314.5,-2.0,316.5,-1.0
419,"Edman, Tommy",RF,285.0,28.0,,,300.0,25.0,301.0,27.0
420,"Edman, Tommy",SS,148.5,-19.0,148.0,-20.0,153.5,-4.5,154.0,-3.5
421,"Edwards, Xavier",2B,154.0,5.5,155.0,2.0,149.0,19.0,149.0,20.0
422,"Edwards, Xavier",CF,325.0,0.0,,,,,,
423,"Edwards, Xavier",SS,149.0,-17.0,147.0,-20.0,153.0,-4.0,154.0,-2.0
424,"Ellis, Drew",1B,118.0,31.0,,,124.0,38.0,,
425,"Ellis, Drew",3B,123.0,-37.0,,,112.0,-27.0,,
426,"Encarnacion, Jerar",1B,112.0,31.0,,,128.0,40.0,,
427,"Encarnacion, Jerar",LF,306.0,-26.0,,,296.0,-28.0,,
428,"Encarnacion, Jerar",RF,292.0,28.0,,,302.0,26.0,,
429,"Encarnacion-Strand, Christian",1B,115.0,28.5,112.5,27.0,128.0,36.5,128.5,37.5
430,"Encarnacion-Strand, Christian",3B,125.0,-36.0,,,121.0,-28.0,139.0,-21.0
431,"Engel, Adam",CF,319.0,3.0,,,,,,
432,"Escobar, Eduardo",1B,116.0,34.0,,,,,,
433,"Escobar, Eduardo",2B,150.5,6.5,,,146.5,17.0,147.0,18.0
434,"Escobar, Eduardo",3B,120.0,-35.0,125.0,-37.0,114.0,-27.0,133.5,-22.5
435,"Espinal, Santiago",2B,153.5,6.0,154.5,2.5,149.5,17.0,149.0,18.5
436,"Espinal, Santiago",3B,117.5,-36.5,119.0,-37.5,119.0,-27.0,133.0,-22.0
437,"Espinal, Santiago",LF,304.0,-25.0,,,,,,
438,"Espinal, Santiago",RF,291.0,29.0,,,,,,
439,"Espinal, Santiago",SS,147.0,-18.5,146.0,-20.0,151.0,-6.0,153.0,-3.0
440,"Estrada, Thairo",2B,152.5,8.0,154.0,5.5,149.0,18.5,147.5,21.0
441,"Estrada, Thairo",LF,301.0,-29.0,,,,,,
442,"Estrada, Thairo",SS,147.0,-18.0,147.0,-20.0,152.0,-7.0,153.0,-4.0
443,"Fabian, Sandro",LF,298.0,-28.0,,,,,,
444,"Fairchild, Stuart",CF,321.5,3.0,324.0,1.5,319.0,-3.5,322.5,-2.5
445,"Fairchild, Stuart",LF,300.0,-25.0,300.0,-26.0,281.0,-29.0,287.0,-28.5
446,"Fairchild, Stuart",RF,286.5,28.0,292.0,27.0,298.5,24.5,298.0,25.5
447,"Farmer, Kyle",2B,153.0,5.0,153.5,3.0,147.0,21.0,146.0,22.5
448,"Farmer, Kyle",3B,121.0,-36.5,120.5,-38.5,122.0,-27.0,131.5,-23.5
449,"Farmer, Kyle",SS,149.0,-19.0,147.0,-21.0,153.0,-4.0,153.0,-3.0
450,"Fermín, José",2B,155.0,5.0,155.0,2.0,149.5,19.0,149.0,20.0
451,"Fermín, José",3B,123.0,-35.0,122.0,-36.0,109.5,-27.5,139.0,-21.0
452,"Fitzgerald, Tyler",1B,118.0,31.0,,,122.0,38.0,,
453,"Fitzgerald, Tyler",2B,152.0,8.0,,,149.0,18.0,,
454,"Fitzgerald, Tyler",3B,120.0,-36.0,,,127.0,-25.0,,
455,"Fitzgerald, Tyler",CF,322.0,1.5,,,322.0,-1.0,326.0,0.0
456,"Fitzgerald, Tyler",LF,289.0,-26.0,,,282.0,-28.0,,
457,"Fitzgerald, Tyler",SS,148.0,-18.0,148.0,-19.0,152.0,-7.0,153.0,-5.0
458,"Fletcher, David",2B,153.0,7.0,,,149.0,18.0,148.0,19.5
459,"Fletcher, David",3B,121.0,-37.0,,,,,,
460,"Fletcher, David",SS,147.0,-17.0,,,151.0,-6.0,152.0,-5.0
461,"Fletcher, Dominic",CF,322.0,1.0,,,321.5,-1.0,323.5,-0.5
462,"Fletcher, Dominic",LF,299.5,-27.0,,,296.0,-28.0,301.0,-28.0
463,"Fletcher, Dominic",RF,292.5,26.5,,,299.5,26.0,300.5,26.5
464,"Flores, Wilmer",1B,112.0,27.5,111.5,24.5,120.5,37.0,122.5,38.5
465,"Flores, Wilmer",2B,151.0,10.0,,,,,,
466,"Flores, Wilmer",3B,117.0,-35.5,118.0,-35.0,110.0,-28.0,129.0,-20.0
467,"Florial, Estevan",CF,325.5,1.0,,,326.0,-2.0,327.0,-1.0
468,"Florial, Estevan",LF,306.0,-24.0,,,298.0,-27.0,299.0,-26.0
469,"Florial, Estevan",RF,298.0,28.0,,,302.0,26.0,302.0,26.0
470,"Ford, Mike",1B,113.5,29.0,,,121.0,36.0,123.0,36.0
471,"Foscue, Justin",1B,118.0,31.0,,,,,,
472,"Fraley, Jake",LF,300.0,-25.0,298.0,-26.0,283.0,-30.0,288.0,-29.0
473,"Fraley, Jake",RF,285.5,29.0,288.5,28.0,299.5,24.0,298.5,25.0
474,"France, Ty",1B,111.66666666666667,26.333333333333332,109.66666666666667,25.333333333333332,124.0,36.0,126.66666666666667,36.666666666666664
475,"Franco, Wander",SS,146.0,-20.0,145.0,-23.0,152.0,-8.0,153.0,-5.0
476,"Frazier, Adam",2B,152.0,7.5,154.0,4.0,147.5,19.5,147.0,21.0
477,"Frazier, Adam",3B,120.0,-38.0,,,116.0,-26.0,131.0,-22.0
478,"Frazier, Adam",LF,298.0,-23.5,,,280.0,-28.0,279.0,-29.0
479,"Frazier, Adam",RF,286.0,29.0,,,295.0,25.0,293.0,27.0
480,"Frazier, Clint",CF,321.0,2.0,,,329.0,-2.0,,
481,"Frazier, Clint",LF,303.0,-28.0,,,294.0,-29.0,298.0,-29.0
482,"Frazier, Clint",RF,296.0,28.0,,,302.0,26.0,295.0,27.0
483,"Freeman, Freddie",1B,116.5,29.0,116.0,29.0,122.5,36.5,125.5,37.0
484,"Freeman, Tyler",2B,151.0,7.0,,,146.0,20.5,146.0,21.0
485,"Freeman, Tyler",3B,117.5,-36.0,,,120.0,-27.0,135.0,-21.0
486,"Freeman, Tyler",CF,318.0,3.0,319.0,0.0,316.0,0.0,319.0,1.0
487,"Freeman, Tyler",SS,146.0,-18.5,,,151.0,-7.0,152.0,-4.0
488,"Frelick, Sal",CF,324.5,1.5,322.0,2.0,323.5,-0.5,326.0,0.5
489,"Frelick, Sal",LF,303.0,-28.0,,,299.0,-28.0,305.0,-25.0
490,"Frelick, Sal",RF,299.0,27.0,295.0,27.0,302.0,27.0,303.5,27.5
491,"Friedl, TJ",CF,322.0,3.0,323.0,2.0,319.5,-4.0,322.0,-2.5
492,"Friedl, TJ",LF,299.0,-25.0,,,279.0,-30.0,285.0,-29.0
493,"Fry, David",1B,114.0,31.0,110.0,29.0,127.0,38.5,126.5,38.0
494,"Fry, David",3B,122.0,-37.0,,,,,,
495,"Fry, David",LF,312.5,-23.5,305.0,-26.0,290.5,-27.5,300.0,-27.0
496,"Fry, David",RF,295.0,27.0,,,301.5,27.0,301.0,26.0
497,"Gallo, Joey",1B,111.5,32.0,112.0,32.0,119.0,39.0,119.5,39.5
498,"Gallo, Joey",CF,332.0,1.0,333.0,1.0,332.0,-2.0,328.0,-1.0
499,"Gallo, Joey",LF,302.0,-26.0,305.0,-26.0,293.0,-29.0,295.0,-29.0
500,"Gallo, Joey",RF,290.5,29.0,291.0,30.0,295.5,28.0,295.0,28.5
501,"Gamel, Ben",LF,301.0,-25.0,299.0,-27.0,286.0,-28.0,292.0,-27.666666666666668
502,"Gamel, Ben",RF,291.5,29.0,295.0,28.0,305.5,25.0,304.3333333333333,26.333333333333332
503,"Garcia, Maikel",2B,153.5,9.0,,,149.0,19.5,148.0,21.0
504,"Garcia, Maikel",3B,122.0,-38.0,121.5,-38.5,117.0,-27.0,135.0,-22.0
505,"Garcia, Maikel",SS,148.5,-20.0,147.0,-21.0,153.0,-7.0,154.0,-4.5
506,"García Jr., Luis",2B,152.5,7.5,,,148.0,19.0,147.0,20.0
507,"García, Adolis",CF,321.0,1.0,,,,,,
508,"García, Adolis",RF,296.0,28.0,298.0,27.5,297.5,27.5,298.5,28.0
509,"García, Avisaíl",CF,321.0,1.0,,,,,,
510,"García, Avisaíl",LF,306.0,-25.0,307.0,-26.0,295.0,-28.0,294.0,-29.0
511,"García, Avisaíl",RF,288.0,27.5,290.0,26.5,299.0,24.5,301.0,25.0
512,"Garlick, Kyle",LF,301.0,-27.0,,,289.0,-29.0,294.0,-29.0
513,"Garlick, Kyle",RF,292.0,30.0,,,302.0,28.0,299.0,29.0
514,"Garrett, Stone",LF,309.0,-26.0,,,300.0,-29.0,303.0,-27.0
515,"Garrett, Stone",RF,293.0,27.0,,,300.0,24.0,,
516,"Gasper, Mickey",2B,153.0,5.0,,,148.0,20.0,148.0,20.0
517,"Gelof, Zack",2B,151.5,7.5,153.0,4.0,146.5,19.5,146.0,20.0
518,"Gentry, Tyler",RF,289.0,26.0,,,,,,
519,"Giménez, Andrés",2B,154.0,8.0,155.0,3.0,148.5,20.5,148.0,21.0
520,"Goldschmidt, Paul",1B,114.5,30.0,113.5,29.5,127.5,37.5,128.0,37.5
521,"Gonzales, Nick",2B,153.5,5.5,153.0,4.5,148.5,18.0,148.0,19.5
522,"Gonzales, Nick",3B,122.0,-37.0,,,120.0,-27.0,,
523,"Gonzales, Nick",SS,148.5,-17.5,,,153.5,-5.0,153.5,-3.5
524,"Gonzalez, Oscar",LF,303.0,-24.0,,,,,,
525,"Gonzalez, Oscar",RF,292.0,27.0,,,297.0,26.0,297.0,26.0
526,"Gonzalez, Romy",1B,117.0,30.0,,,124.0,37.0,125.0,38.0
527,"Gonzalez, Romy",2B,154.0,5.0,154.0,3.0,149.5,17.5,148.5,19.0
528,"Gonzalez, Romy",3B,127.0,-37.0,,,125.0,-27.0,137.0,-24.0
529,"Gonzalez, Romy",LF,295.0,-28.0,,,283.0,-27.0,,
530,"Gonzalez, Romy",RF,284.0,28.0,,,299.0,27.0,306.0,28.0
531,"Gonzalez, Romy",SS,148.5,-19.0,,,154.0,-4.0,154.0,-3.0
532,"Goodman, Hunter",1B,116.5,32.5,105.0,30.0,118.0,39.0,123.0,39.5
533,"Goodman, Hunter",LF,302.0,-27.0,,,294.0,-29.0,292.0,-28.0
534,"Goodman, Hunter",RF,292.5,28.0,,,301.0,27.0,301.0,27.5
535,"Goodrum, Niko",1B,113.0,31.0,,,,,,
536,"Goodrum, Niko",2B,153.0,7.0,,,,,,
537,"Goodrum, Niko",3B,123.0,-37.0,,,,,,
538,"Goodrum, Niko",LF,308.0,-28.0,,,,,,
539,"Gordon, Nick",2B,151.5,7.5,153.0,2.0,146.0,21.0,145.0,22.0
540,"Gordon, Nick",CF,328.5,0.5,333.0,0.5,325.5,-3.0,329.5,-2.0
541,"Gordon, Nick",LF,304.0,-27.5,306.5,-27.0,289.0,-29.0,295.5,-29.0
542,"Gorman, Nolan",2B,153.5,5.0,154.0,3.0,147.5,20.5,147.5,21.0
543,"Gorman, Nolan",3B,126.0,-36.0,125.0,-36.0,118.0,-27.0,136.0,-20.0
544,"Grandal, Yasmani",1B,110.0,32.0,,,119.0,39.0,124.0,39.0
545,"Gray, Tristan",1B,119.0,28.0,118.0,28.0,125.0,39.0,127.0,38.0
546,"Gray, Tristan",3B,121.0,-37.5,,,,,,
547,"Greene, Riley",CF,322.5,1.5,324.5,-2.0,320.0,-5.0,322.0,-3.5
548,"Greene, Riley",LF,305.5,-25.5,301.0,-27.0,280.0,-30.0,287.0,-29.0
549,"Greene, Riley",RF,285.0,27.5,,,297.0,23.0,305.0,23.5
550,"Grichuk, Randal",CF,321.0,3.0,320.0,2.0,316.0,-2.0,320.0,-1.0
551,"Grichuk, Randal",LF,300.0,-25.666666666666668,301.0,-26.333333333333332,291.0,-28.666666666666668,292.6666666666667,-28.333333333333332
552,"Grichuk, Randal",RF,290.0,28.5,290.0,28.0,297.5,26.0,299.0,27.0
553,"Grisham, Trent",CF,322.0,2.0,324.0,2.0,320.0,-3.0,323.5,-2.0
554,"Grissom, Vaughn",2B,154.0,5.0,154.0,3.0,149.0,19.0,148.5,20.0
555,"Grissom, Vaughn",SS,147.0,-21.0,,,153.0,-5.0,153.0,-4.0
556,"Grossman, Robbie",LF,302.6666666666667,-27.333333333333332,307.0,-29.0,294.6666666666667,-28.666666666666668,297.6666666666667,-28.0
557,"Grossman, Robbie",RF,295.0,28.25,,,301.0,27.0,302.6666666666667,27.666666666666668
558,"Guerrero Jr., Vladimir",1B,111.5,29.5,113.0,29.0,121.0,37.0,122.5,37.0
559,"Guerrero Jr., Vladimir",3B,124.0,-36.0,123.0,-37.0,108.0,-27.0,135.0,-20.0
560,"Guillorme, Luis",2B,152.5,7.75,154.0,3.5,148.5,18.0,148.25,18.75
561,"Guillorme, Luis",3B,119.0,-34.5,117.0,-36.0,97.0,-27.0,140.5,-20.0
562,"Guillorme, Luis",SS,148.33333333333334,-16.333333333333332,149.0,-18.0,153.0,-5.5,153.5,-3.5
563,"Gurriel Jr., Lourdes",LF,307.0,-27.0,307.5,-27.0,292.0,-28.5,296.0,-28.5
564,"Gurriel, Yuli",1B,115.5,29.0,115.0,28.0,125.0,37.5,125.5,38.0
565,"Guthrie, Dalton",CF,314.0,1.0,,,314.0,-2.0,313.0,-2.0
566,"Guthrie, Dalton",LF,293.0,-25.0,,,285.0,-28.0,,
567,"Haase, Eric",LF,314.0,-25.0,321.0,-24.0,284.0,-31.0,290.0,-30.0
568,"Haggerty, Sam",1B,115.0,29.0,,,,,,
569,"Haggerty, Sam",2B,152.0,6.0,,,148.0,20.0,148.0,21.0
570,"Haggerty, Sam",LF,302.0,-25.5,305.0,-25.0,286.0,-31.0,289.0,-29.5
571,"Haggerty, Sam",RF,282.0,29.0,,,,,,
572,"Hall, Darick",1B,116.0,30.0,,,120.0,38.0,120.0,38.0
573,"Hamilton, David",2B,152.5,5.5,,,148.0,20.0,147.0,20.0
574,"Hamilton, David",SS,147.5,-18.5,147.5,-18.5,151.5,-6.5,152.0,-4.0
575,"Hampson, Garrett",1B,124.0,32.0,,,,,,
576,"Hampson, Garrett",2B,153.5,6.5,,,148.5,19.5,147.5,21.5
577,"Hampson, Garrett",3B,123.5,-37.0,,,110.0,-28.0,120.0,-25.0
578,"Hampson, Garrett",CF,319.5,2.0,318.0,-1.0,318.5,-3.5,320.5,-2.0
579,"Hampson, Garrett",LF,294.0,-27.5,293.0,-26.0,286.5,-29.5,288.0,-29.0
580,"Hampson, Garrett",RF,293.5,27.0,296.0,25.0,298.5,24.5,300.0,25.0
581,"Hampson, Garrett",SS,149.0,-18.5,148.0,-20.0,154.0,-6.0,154.0,-5.0
582,"Haniger, Mitch",LF,303.0,-27.0,303.0,-27.0,290.0,-30.0,294.0,-29.0
583,"Haniger, Mitch",RF,289.5,28.5,289.5,28.5,301.0,26.0,303.0,26.5
584,"Happ, Ian",LF,309.0,-27.0,307.0,-28.0,292.5,-29.0,294.0,-28.0
585,"Harper, Bryce",1B,107.5,30.5,106.0,29.0,124.5,38.5,124.5,38.5
586,"Harris II, Michael",CF,320.5,2.5,319.5,2.0,320.0,-1.5,321.0,-1.0
587,"Harris, Brett",3B,124.0,-35.0,,,122.0,-26.0,135.0,-23.0
588,"Harrison, Josh",2B,153.0,8.0,154.0,3.0,149.0,18.0,147.0,21.0
589,"Harrison, Josh",3B,118.0,-37.0,,,113.0,-28.0,115.0,-27.0
590,"Harrison, Josh",LF,301.0,-26.0,,,281.0,-30.0,,
591,"Haseley, Adam",CF,321.0,1.0,,,318.0,-1.0,324.0,2.0
592,"Haseley, Adam",RF,291.0,27.0,,,294.0,27.0,,
593,"Hayes, Ke'Bryan",3B,114.5,-35.0,114.0,-35.0,107.5,-27.5,124.0,-22.5
594,"Hays, Austin",CF,314.0,3.0,,,306.0,-4.0,314.0,-3.0
595,"Hays, Austin",LF,306.0,-25.333333333333332,307.0,-26.5,287.3333333333333,-29.333333333333332,289.3333333333333,-28.333333333333332
596,"Hays, Austin",RF,296.0,27.0,,,300.0,26.0,,
597,"Helman, Michael",CF,327.0,2.0,,,,,,
598,"Henderson, Gunnar",3B,121.0,-37.0,,,119.0,-28.0,130.0,-22.0
599,"Henderson, Gunnar",SS,147.5,-18.0,146.0,-21.0,152.0,-7.0,153.0,-4.0
600,"Hensley, David",1B,115.5,28.5,114.0,27.0,120.0,37.0,121.5,37.5
601,"Hensley, David",2B,152.0,6.0,,,147.0,18.0,147.0,19.0
602,"Hensley, David",3B,116.0,-35.0,,,,,,
603,"Hensley, David",LF,304.5,-24.0,,,,,,
604,"Hensley, David",RF,291.0,25.0,293.0,24.0,305.0,24.0,304.0,24.0
605,"Hernaiz, Darell",2B,151.0,7.0,,,,,,
606,"Hernaiz, Darell",3B,123.0,-37.0,125.0,-40.0,115.0,-26.0,129.0,-23.0
607,"Hernaiz, Darell",SS,147.0,-19.0,,,152.0,-7.0,152.0,-5.0
608,"Hernández, Enrique",1B,120.0,28.5,,,124.5,38.0,127.5,38.5
609,"Hernández, Enrique",2B,153.66666666666666,7.0,154.33333333333334,2.6666666666666665,149.5,18.0,149.33333333333334,19.333333333333332
610,"Hernández, Enrique",3B,124.5,-36.5,125.0,-38.0,121.0,-26.0,137.0,-23.5
611,"Hernández, Enrique",CF,322.0,1.3333333333333333,,,321.3333333333333,0.3333333333333333,320.6666666666667,0.6666666666666666
612,"Hernández, Enrique",LF,303.0,-26.5,,,281.5,-28.5,283.5,-28.0
613,"Hernández, Enrique",RF,285.0,29.0,,,,,,
614,"Hernández, Enrique",SS,150.0,-17.666666666666668,150.0,-19.0,153.5,-7.0,154.33333333333334,-3.0
615,"Hernández, Teoscar",LF,303.0,-26.0,304.0,-27.0,286.0,-28.0,286.0,-28.0
616,"Hernández, Teoscar",RF,290.0,28.0,290.5,27.5,305.0,24.5,304.5,25.0
617,"Hernández, Yonny",2B,154.0,7.0,,,,,,
618,"Hernández, Yonny",3B,128.0,-36.0,,,,,,
619,"Heyward, Jason",CF,318.0,2.0,,,317.0,-2.0,319.0,-1.0
620,"Heyward, Jason",LF,303.5,-26.0,300.0,-27.0,283.0,-29.0,289.0,-27.0
621,"Heyward, Jason",RF,288.0,27.666666666666668,288.5,27.5,300.6666666666667,25.666666666666668,301.3333333333333,26.333333333333332
622,"Hicklen, Brewer",RF,292.0,27.0,,,295.0,28.0,,
623,"Hicks, Aaron",CF,323.3333333333333,3.0,,,322.0,-3.0,325.5,-3.0
624,"Hicks, Aaron",LF,302.3333333333333,-24.666666666666668,307.0,-26.0,284.0,-28.5,289.0,-28.0
625,"Hicks, Aaron",RF,292.5,28.0,293.0,28.0,299.5,24.5,299.0,25.5
626,"Hill, Derek",CF,324.25,1.25,322.0,-2.0,323.5,-2.25,322.0,-1.5
627,"Hill, Derek",LF,299.5,-26.5,298.0,-29.0,288.5,-29.5,291.0,-28.0
628,"Hill, Derek",RF,295.0,28.0,,,,,,
629,"Hilliard, Sam",CF,322.0,3.5,,,319.0,-2.5,321.0,-3.0
630,"Hilliard, Sam",LF,308.0,-27.0,306.0,-25.0,294.0,-29.0,294.0,-30.0
631,"Hilliard, Sam",RF,295.0,29.0,,,302.0,26.0,310.0,26.0
632,"Hinds, Rece",CF,319.0,3.0,,,,,,
633,"Hinds, Rece",RF,282.0,28.0,280.0,28.0,301.0,23.0,299.0,25.0
634,"Hiura, Keston",2B,153.0,7.0,,,,,,
635,"Hoerner, Nico",2B,154.0,6.5,154.0,3.0,148.5,19.0,148.5,20.0
636,"Hoerner, Nico",SS,149.0,-18.5,149.0,-19.0,153.5,-7.0,154.0,-5.0
637,"Holliday, Jackson",2B,152.0,7.0,,,148.0,18.0,148.0,20.0
638,"Holliday, Jackson",SS,147.0,-20.0,,,,,,
639,"Hopkins, TJ",LF,295.0,-24.0,,,282.0,-30.0,288.0,-29.0
640,"Hopkins, TJ",RF,285.0,30.0,289.0,28.0,292.0,25.0,295.0,25.0
641,"Horwitz, Spencer",1B,114.5,30.0,114.0,32.0,126.0,39.0,126.5,39.0
642,"Horwitz, Spencer",2B,150.0,7.0,152.0,2.0,146.0,18.0,146.0,20.0
643,"Hoskins, Rhys",1B,112.0,30.0,113.0,31.0,124.0,37.0,124.0,38.0
644,"Hosmer, Eric",1B,111.0,29.0,,,115.0,37.0,127.0,38.0
645,"Huff, Sam",1B,110.0,31.0,,,,,,
646,"Hummel, Cooper",LF,301.0,-26.0,,,,,,
647,"Hurtubise, Jacob",LF,306.0,-24.0,,,290.0,-30.0,294.0,-29.0
648,"Hurtubise, Jacob",RF,291.0,27.0,,,,,,
649,"Ibáñez, Andy",1B,111.5,28.5,,,117.0,37.0,122.5,39.0
650,"Ibáñez, Andy",2B,150.5,6.5,152.0,3.0,146.5,19.0,148.0,20.0
651,"Ibáñez, Andy",3B,116.0,-37.5,,,114.0,-27.5,124.5,-24.0
652,"Ibáñez, Andy",LF,305.0,-25.0,,,284.0,-30.5,293.0,-30.0
653,"Ibáñez, Andy",RF,289.0,27.0,299.0,27.0,306.0,23.0,309.0,24.0
654,"Ibáñez, Andy",SS,147.0,-18.0,,,,,,
655,"Iglesias, Jose",2B,153.0,9.0,,,149.0,19.0,148.0,20.0
656,"Iglesias, Jose",3B,115.0,-36.0,,,116.0,-27.0,139.0,-22.0
657,"Iglesias, Jose",SS,148.0,-18.0,,,,,,
658,"India, Jonathan",2B,150.5,6.5,151.0,4.0,147.0,18.5,145.5,20.5
659,"Isbel, Kyle",CF,322.0,3.5,325.0,3.5,321.0,-3.5,323.5,-3.5
660,"Jankowski, Travis",CF,327.0,1.5,,,330.0,-1.0,329.0,0.0
661,"Jankowski, Travis",LF,298.0,-27.5,297.0,-29.0,291.5,-28.5,295.5,-28.0
662,"Jankowski, Travis",RF,297.5,28.0,,,299.0,28.0,301.0,28.5
663,"Jiménez, Eloy",RF,296.5,29.5,,,303.0,27.0,303.0,28.0
664,"Jiménez, Leo",2B,152.0,7.0,154.0,2.0,148.0,19.0,148.0,20.0
665,"Jiménez, Leo",SS,148.0,-19.0,148.0,-21.0,152.0,-9.0,154.0,-2.0
666,"Joe, Connor",1B,110.5,27.5,106.0,25.5,124.5,36.5,126.0,37.0
667,"Joe, Connor",LF,304.5,-25.5,299.0,-25.0,289.5,-28.5,289.0,-29.0
668,"Joe, Connor",RF,290.5,28.5,296.0,27.0,302.5,25.5,302.0,26.0
669,"Johnson, Bryce",CF,323.0,2.5,317.0,-2.0,314.0,-3.0,317.0,-2.0
670,"Johnson, Bryce",RF,296.0,29.0,,,301.0,26.0,303.0,26.0
671,"Jones, Greg",RF,298.0,29.0,,,,,,
672,"Jones, Jahmai",2B,153.5,7.0,,,,,,
673,"Jones, Jahmai",LF,299.0,-27.0,,,,,,
674,"Jones, Jahmai",RF,286.0,27.0,,,,,,
675,"Jones, Nolan",1B,116.0,28.0,,,119.0,37.0,123.0,39.0
676,"Jones, Nolan",3B,119.0,-38.0,,,,,,
677,"Jones, Nolan",CF,322.0,1.0,,,321.0,-1.0,322.0,0.0
678,"Jones, Nolan",LF,298.0,-27.5,296.0,-28.0,291.5,-28.5,295.5,-28.0
679,"Jones, Nolan",RF,294.0,29.0,293.0,28.0,298.0,27.0,298.0,27.0
680,"Jordan, Levi",LF,305.0,-23.0,,,,,,
681,"Jordan, Levi",RF,286.0,27.0,,,,,,
682,"Judge, Aaron",CF,322.5,1.5,318.0,-2.0,320.0,-2.0,323.5,-1.5
683,"Judge, Aaron",LF,296.0,-25.0,,,,,,
684,"Judge, Aaron",RF,287.0,26.5,,,294.0,26.0,295.5,25.5
685,"Julien, Edouard",1B,108.0,29.0,,,120.0,38.0,,
686,"Julien, Edouard",2B,152.5,5.5,153.0,2.5,146.0,21.0,146.5,21.5
687,"Julks, Corey",LF,300.5,-27.0,301.0,-27.5,291.0,-29.5,293.5,-28.5
688,"Julks, Corey",RF,294.5,27.5,291.0,29.0,298.0,28.0,302.0,28.0
689,"Jung, Jace",3B,119.0,-35.0,120.0,-39.0,108.0,-28.0,121.0,-23.0
690,"Jung, Josh",3B,120.5,-36.5,121.5,-37.0,104.0,-27.5,125.5,-20.5
691,"Kaiser, Connor",SS,145.0,-19.0,,,148.0,-9.0,,
692,"Kavadas, Niko",1B,107.0,29.0,106.0,29.0,,,,
693,"Keirsey Jr., DaShawn",CF,315.0,1.0,,,312.0,-1.0,317.0,0.0
694,"Keith, Colt",2B,153.0,5.0,153.0,3.0,147.0,19.0,147.0,21.0
695,"Kelenic, Jarred",CF,318.0,2.0,319.0,2.0,315.0,-2.5,318.5,-3.0
696,"Kelenic, Jarred",LF,301.5,-26.0,301.5,-26.0,283.5,-30.0,286.5,-30.0
697,"Kelenic, Jarred",RF,284.0,31.0,284.0,31.0,302.0,26.0,301.0,26.0
698,"Kemp, Tony",2B,151.5,6.0,,,147.0,19.0,146.0,20.0
699,"Kemp, Tony",LF,301.0,-25.0,,,282.0,-30.0,286.0,-30.0
700,"Kennedy, Buddy",2B,151.0,9.0,,,,,,
701,"Kennedy, Buddy",3B,117.0,-37.5,123.0,-36.0,118.5,-28.0,129.0,-21.0
702,"Kepler, Max",RF,290.5,30.0,291.5,30.0,297.5,28.5,298.0,28.0
703,"Kessinger, Grae",1B,108.0,30.0,,,,,,
704,"Kessinger, Grae",2B,153.5,6.5,,,,,,
705,"Kessinger, Grae",3B,124.5,-36.5,,,120.0,-26.0,129.5,-23.0
706,"Kessinger, Grae",SS,149.0,-18.0,,,,,,
707,"Kieboom, Carter",3B,118.0,-38.0,,,119.0,-27.0,132.0,-24.0
708,"Kiermaier, Kevin",CF,321.0,2.6666666666666665,322.5,1.0,319.3333333333333,-2.6666666666666665,324.0,-1.3333333333333333
709,"Kim, Ha-Seong",2B,153.0,7.0,,,149.0,19.0,148.0,20.0
710,"Kim, Ha-Seong",3B,125.0,-37.0,,,117.0,-27.0,140.0,-22.0
711,"Kim, Ha-Seong",SS,148.5,-18.5,149.0,-18.0,153.5,-5.0,154.0,-3.5
712,"Kiner-Falefa, Isiah",2B,152.5,7.5,153.0,3.0,148.0,18.0,148.0,19.5
713,"Kiner-Falefa, Isiah",3B,116.0,-36.0,115.0,-37.0,109.33333333333333,-26.666666666666668,119.33333333333333,-23.333333333333332
714,"Kiner-Falefa, Isiah",CF,329.0,2.0,,,327.0,-2.0,328.0,-2.0
715,"Kiner-Falefa, Isiah",LF,301.0,-26.0,,,290.0,-28.0,291.0,-28.0
716,"Kiner-Falefa, Isiah",RF,289.0,26.0,,,293.0,26.0,294.0,26.0
717,"Kiner-Falefa, Isiah",SS,147.5,-18.5,147.0,-20.0,151.5,-6.5,152.0,-4.0
718,"Kirilloff, Alex",1B,117.0,30.0,115.0,29.0,131.0,39.0,131.5,39.5
719,"Kirilloff, Alex",LF,300.0,-26.5,303.0,-27.0,290.0,-28.5,295.0,-28.0
720,"Kirilloff, Alex",RF,295.0,30.0,297.0,30.0,301.5,28.5,302.0,28.5
721,"Kjerstad, Heston",LF,300.5,-24.5,302.0,-27.0,277.0,-30.0,286.0,-29.0
722,"Kjerstad, Heston",RF,293.0,28.0,,,301.0,26.0,300.0,25.0
723,"Kohlwey, Taylor",LF,307.0,-25.0,,,,,,
724,"Kohlwey, Taylor",RF,293.0,27.0,,,,,,
725,"Kreidler, Ryan",2B,153.0,7.0,,,,,,
726,"Kreidler, Ryan",3B,120.5,-36.5,121.0,-38.0,123.0,-28.0,,
727,"Kreidler, Ryan",SS,146.5,-19.5,,,153.0,-7.0,154.0,-6.0
728,"Kwan, Steven",LF,304.0,-24.5,300.0,-25.0,294.0,-27.0,296.5,-27.0
729,"Lamb, Jake",1B,115.0,31.0,,,123.0,39.0,126.0,40.0
730,"Langford, Wyatt",CF,316.0,2.0,,,311.0,-4.0,315.0,-2.0
731,"Langford, Wyatt",LF,300.0,-27.0,301.0,-28.0,288.0,-29.0,290.0,-28.0
732,"Larnach, Trevor",LF,298.5,-26.5,300.5,-26.0,290.0,-29.0,292.5,-28.5
733,"Larnach, Trevor",RF,291.0,30.0,290.0,30.0,296.0,27.5,296.5,28.0
734,"Laureano, Ramón",CF,322.25,1.75,,,318.5,-1.0,322.0,-0.3333333333333333
735,"Laureano, Ramón",LF,298.0,-26.0,297.0,-26.0,290.0,-28.0,293.0,-27.0
736,"Laureano, Ramón",RF,294.5,28.5,293.0,28.0,303.75,25.75,306.0,26.25
737,"Lawlar, Jordan",SS,148.0,-19.0,,,152.0,-8.0,154.0,-5.0
738,"LeMahieu, DJ",1B,112.5,32.5,,,118.0,38.0,119.5,38.0
739,"LeMahieu, DJ",2B,153.0,7.0,,,149.0,18.0,149.0,18.0
740,"LeMahieu, DJ",3B,122.5,-35.5,,,117.0,-26.5,123.0,-23.5
741,"Leblanc, Charles",2B,153.0,7.0,,,,,,
742,"Leblanc, Charles",3B,124.0,-36.0,121.0,-37.0,,,,
743,"Lee, Brooks",2B,153.0,7.0,,,148.0,20.0,147.0,22.0
744,"Lee, Brooks",3B,115.0,-37.0,,,111.0,-29.0,135.0,-22.0
745,"Lee, Brooks",SS,147.0,-20.0,147.0,-20.0,153.0,-4.0,153.0,-4.0
746,"Lee, Jung Hoo",CF,320.0,3.0,,,317.0,-2.0,,
747,"Lester, Josh",1B,114.0,31.0,,,124.0,39.0,,
748,"Lester, Josh",3B,127.0,-37.0,,,,,,
749,"Lewis, Royce",3B,121.5,-36.5,122.0,-37.5,115.0,-27.5,127.5,-24.0
750,"León, Pedro",RF,297.0,29.0,298.0,28.0,298.0,26.0,305.0,27.0
751,"Lindor, Francisco",SS,150.0,-16.5,147.0,-22.0,153.0,-6.0,153.5,-4.0
752,"Lipcius, Andre",3B,124.0,-36.0,127.0,-38.0,118.0,-25.0,134.0,-21.0
753,"Lipscomb, Trey",1B,109.0,29.0,,,123.0,40.0,,
754,"Lipscomb, Trey",2B,155.0,3.0,154.0,2.0,,,,
755,"Lipscomb, Trey",3B,119.0,-38.0,,,117.0,-27.0,131.0,-22.0
756,"Locastro, Tim",CF,332.0,2.0,,,,,,
757,"Locastro, Tim",LF,296.0,-27.0,,,288.0,-29.0,292.0,-29.0
758,"Locklear, Tyler",1B,113.0,28.0,110.0,26.0,122.0,37.0,127.0,37.0
759,"Lockridge, Brandon",CF,318.0,4.0,,,,,,
760,"Lockridge, Brandon",LF,313.0,-25.0,,,,,,
761,"Lockridge, Brandon",RF,290.0,28.0,,,,,,
762,"Loftin, Nick",1B,109.5,28.0,,,126.0,40.0,126.0,40.0
763,"Loftin, Nick",2B,151.0,6.5,,,145.0,21.5,145.0,22.0
764,"Loftin, Nick",3B,121.0,-37.0,,,110.0,-27.0,133.5,-22.5
765,"Loftin, Nick",LF,295.0,-26.0,,,,,,
766,"Longoria, Evan",3B,115.0,-36.0,119.0,-38.0,119.0,-27.0,132.0,-22.0
767,"Loperfido, Joey",CF,317.5,1.0,316.0,-1.5,317.0,-2.0,319.0,-1.5
768,"Loperfido, Joey",LF,304.5,-25.0,298.0,-26.5,285.0,-28.5,293.0,-28.0
769,"Loperfido, Joey",RF,293.0,27.0,294.0,25.0,300.0,24.0,303.0,25.0
770,"Lopez, Irving",2B,152.0,6.0,,,,,,
771,"Lopez, Irving",3B,112.0,-36.0,,,,,,
772,"Lopez, Nicky",1B,116.0,34.0,,,,,,
773,"Lopez, Nicky",2B,152.0,8.0,153.0,5.0,148.0,19.333333333333332,147.33333333333334,20.333333333333332
774,"Lopez, Nicky",3B,116.5,-38.5,119.0,-39.0,117.5,-29.0,133.0,-21.0
775,"Lopez, Nicky",LF,298.0,-26.0,,,281.0,-28.0,,
776,"Lopez, Nicky",SS,146.0,-20.333333333333332,144.66666666666666,-21.666666666666668,150.66666666666666,-7.333333333333333,152.0,-4.0
777,"Lopez, Otto",2B,153.0,6.0,154.0,1.0,149.0,18.0,148.0,19.0
778,"Lopez, Otto",3B,118.0,-37.0,118.0,-39.0,116.0,-26.0,,
779,"Lopez, Otto",SS,149.0,-17.0,148.0,-20.0,152.0,-7.0,154.0,-3.0
780,"Lowe, Brandon",1B,114.0,32.0,113.0,31.0,119.0,39.0,120.0,40.0
781,"Lowe, Brandon",2B,153.0,5.0,153.0,2.0,148.0,19.0,147.0,21.0
782,"Lowe, Josh",CF,325.0,1.0,327.0,0.0,320.0,-2.0,323.0,-1.0
783,"Lowe, Josh",LF,306.5,-26.0,311.0,-27.0,301.0,-29.0,300.0,-27.0
784,"Lowe, Josh",RF,293.5,27.5,294.0,27.5,303.5,26.5,303.5,27.0
785,"Lowe, Nathaniel",1B,117.5,32.0,117.0,31.0,125.5,38.0,126.0,38.5
786,"Luciano, Marco",2B,151.0,12.0,,,149.0,19.0,,
787,"Luciano, Marco",SS,150.0,-16.0,,,153.0,-7.0,153.5,-5.0
788,"Lukes, Nathan",CF,316.0,1.0,320.0,1.0,,,,
789,"Lukes, Nathan",LF,302.5,-24.5,296.0,-28.0,289.0,-30.0,288.0,-30.0
790,"Lukes, Nathan",RF,285.5,29.0,284.0,28.0,299.0,26.0,302.0,25.5
791,"Luplow, Jordan",1B,118.0,33.0,,,,,,
792,"Luplow, Jordan",LF,301.0,-26.0,301.0,-27.0,295.0,-28.0,296.0,-28.0
793,"Luplow, Jordan",RF,285.0,28.0,,,294.0,26.0,,
794,"Lux, Gavin",2B,154.0,5.0,,,148.0,19.0,148.0,20.0
795,"López, Jack",2B,154.0,7.0,154.0,2.0,,,,
796,"López, Jack",SS,151.0,-16.0,149.0,-20.0,154.0,-6.0,154.0,-4.0
797,"Machado, Manny",3B,120.5,-36.5,123.0,-37.0,112.0,-26.5,127.0,-22.0
798,"Madrigal, Nick",2B,151.5,7.0,,,147.5,19.0,147.0,20.0
799,"Madrigal, Nick",3B,118.5,-37.5,119.0,-38.0,113.5,-26.5,125.0,-23.0
800,"Madris, Bligh",1B,112.0,30.0,,,114.0,36.0,122.0,37.0
801,"Maggi, Drew",3B,116.0,-35.0,,,,,,
802,"Malloy, Justyn-Henry",LF,306.0,-26.0,,,282.0,-30.0,287.0,-28.0
803,"Mancini, Trey",1B,113.0,29.0,,,119.0,38.0,120.0,38.0
804,"Mancini, Trey",RF,288.0,28.0,,,302.0,25.0,,
805,"Manzardo, Kyle",1B,117.0,31.0,,,125.0,39.0,125.0,39.0
806,"Marcano, Tucupita",2B,150.0,7.0,,,146.0,18.0,146.0,19.0
807,"Marcano, Tucupita",SS,148.0,-17.0,147.0,-18.0,152.0,-4.0,152.0,-3.0
808,"Margot, Manuel",CF,325.5,1.0,327.5,0.0,323.0,-1.5,327.0,-1.0
809,"Margot, Manuel",LF,305.0,-27.0,305.0,-27.0,292.0,-29.0,299.0,-29.0
810,"Margot, Manuel",RF,295.0,29.0,295.5,28.5,303.0,27.0,305.5,28.0
811,"Marisnick, Jake",CF,318.5,2.0,321.0,-1.0,316.0,-5.0,322.5,-3.5
812,"Marisnick, Jake",RF,285.0,28.0,,,300.0,24.0,,
813,"Marlowe, Cade",CF,318.0,2.0,,,,,,
814,"Marlowe, Cade",LF,297.0,-25.0,300.0,-25.0,287.0,-29.0,289.0,-29.0
815,"Marlowe, Cade",RF,280.0,27.0,,,,,,
816,"Marsh, Brandon",CF,325.0,2.0,328.0,0.0,323.5,-2.0,324.0,-2.0
817,"Marsh, Brandon",LF,298.5,-25.0,300.0,-26.0,287.0,-29.0,286.5,-29.0
818,"Marsh, Brandon",RF,288.5,30.0,,,295.5,26.5,,
819,"Marte, Ketel",2B,153.0,7.5,153.5,5.0,149.0,18.0,148.0,20.0
820,"Marte, Noelvi",3B,125.5,-36.5,126.5,-38.5,119.0,-27.0,133.0,-21.5
821,"Marte, Noelvi",SS,149.0,-16.0,,,,,,
822,"Marte, Starling",CF,318.0,2.0,,,,,,
823,"Marte, Starling",RF,291.0,28.0,294.0,27.0,298.5,26.0,299.0,26.5
824,"Martin, Austin",2B,152.0,5.0,153.0,2.0,146.0,22.0,145.0,24.0
825,"Martin, Austin",CF,324.0,1.0,322.0,1.0,321.0,-1.0,327.0,-1.0
826,"Martin, Austin",LF,299.0,-26.0,302.0,-27.0,287.0,-28.0,290.0,-28.0
827,"Martinez, J.D.",LF,301.0,-25.0,,,,,,
828,"Martini, Nick",1B,118.0,31.0,,,,,,
829,"Martini, Nick",LF,307.5,-24.0,,,288.0,-30.5,291.5,-28.5
830,"Martini, Nick",RF,284.5,29.0,288.0,30.0,297.0,23.0,300.0,24.0
831,"Martínez, Angel",3B,124.0,-35.0,,,118.0,-28.0,144.0,-20.0
832,"Martínez, Angel",CF,322.0,3.0,324.0,0.0,323.0,1.0,322.0,1.0
833,"Martínez, Angel",LF,306.0,-23.0,,,298.0,-26.0,300.0,-24.0
834,"Martínez, Angel",RF,298.0,27.0,,,301.0,23.0,303.0,27.0
835,"Martínez, J.P.",CF,318.0,0.5,,,,,,
836,"Martínez, J.P.",LF,300.0,-30.0,,,,,,
837,"Martínez, J.P.",RF,294.0,27.5,,,,,,
838,"Massey, Michael",2B,154.0,8.0,154.0,5.0,148.5,19.0,148.0,20.5
839,"Mastrobuoni, Miles",2B,153.0,6.0,153.0,3.0,148.5,18.5,148.5,19.5
840,"Mastrobuoni, Miles",3B,120.5,-37.0,120.5,-37.0,111.0,-26.0,129.0,-22.5
841,"Mastrobuoni, Miles",LF,302.0,-27.0,,,,,,
842,"Mastrobuoni, Miles",RF,294.0,29.0,,,305.0,26.0,305.0,27.0
843,"Mastrobuoni, Miles",SS,148.5,-18.0,,,,,,
844,"Mateo, Jorge",2B,153.0,7.0,154.0,3.0,148.0,19.0,147.0,21.0
845,"Mateo, Jorge",CF,322.5,4.0,,,,,,
846,"Mateo, Jorge",SS,148.0,-18.5,146.0,-24.0,152.0,-9.0,153.5,-3.0
847,"Mathias, Mark",2B,152.0,6.5,,,148.0,18.0,148.0,19.0
848,"Mathias, Mark",RF,280.0,28.0,,,,,,
849,"Maton, Nick",2B,151.0,5.0,,,145.0,21.0,145.0,22.0
850,"Maton, Nick",3B,115.0,-36.5,114.0,-38.0,120.5,-26.5,126.0,-24.0
851,"Maton, Nick",SS,146.0,-18.0,,,,,,
852,"Matos, Luis",CF,329.5,2.5,330.0,0.0,327.0,-2.0,330.0,-0.5
853,"Matos, Luis",LF,305.0,-26.0,,,294.0,-28.5,297.0,-28.0
854,"Matos, Luis",RF,291.5,29.5,,,302.5,26.0,303.5,27.0
855,"Mauricio, Ronny",2B,153.0,9.0,,,150.0,18.0,150.0,19.0
856,"Mauricio, Ronny",3B,122.0,-34.0,,,117.0,-26.0,137.0,-23.0
857,"Mayo, Coby",1B,116.0,31.0,,,124.0,38.0,125.0,39.0
858,"Mayo, Coby",3B,122.0,-36.0,,,116.0,-28.0,134.0,-23.0
859,"McCarthy, Jake",CF,319.5,1.5,324.0,0.0,318.0,-1.5,322.5,-1.0
860,"McCarthy, Jake",LF,295.0,-26.0,,,286.0,-28.0,289.0,-28.0
861,"McCarthy, Jake",RF,287.0,28.5,289.5,27.5,292.5,26.0,293.0,27.0
862,"McCormick, Chas",CF,320.5,2.5,322.5,0.5,318.0,-4.0,322.5,-2.5
863,"McCormick, Chas",LF,304.0,-25.0,304.5,-25.5,290.5,-30.0,296.0,-28.5
864,"McCormick, Chas",RF,296.5,27.5,299.0,27.0,302.0,23.0,303.0,24.5
865,"McCoy, Mason",SS,148.0,-19.0,147.0,-20.0,153.0,-3.0,153.0,-3.0
866,"McCray, Grant",CF,322.0,2.0,,,321.0,-3.0,323.0,-2.0
867,"McCutchen, Andrew",RF,294.0,28.0,,,303.0,24.0,304.0,24.0
868,"McKenna, Ryan",CF,319.0,3.5,,,317.5,-4.0,319.5,-4.0
869,"McKenna, Ryan",LF,299.5,-24.5,,,285.0,-28.0,282.0,-29.0
870,"McKenna, Ryan",RF,292.0,29.0,,,298.0,25.0,298.0,25.0
871,"McKinney, Billy",CF,327.0,1.0,,,323.0,-1.0,328.0,-2.0
872,"McKinney, Billy",LF,304.5,-26.0,,,288.5,-29.0,288.0,-28.0
873,"McKinney, Billy",RF,290.0,28.0,,,306.5,26.0,302.0,26.0
874,"McKinstry, Zach",2B,153.5,5.5,155.0,2.0,147.5,21.0,147.0,21.5
875,"McKinstry, Zach",3B,120.0,-37.0,122.0,-38.0,109.0,-27.5,137.0,-22.0
876,"McKinstry, Zach",CF,329.0,2.0,,,,,,
877,"McKinstry, Zach",LF,306.5,-26.0,,,285.0,-29.0,289.0,-28.0
878,"McKinstry, Zach",RF,290.5,27.0,290.0,25.0,310.0,22.5,307.0,24.0
879,"McKinstry, Zach",SS,149.0,-19.0,148.0,-21.0,154.0,-5.5,154.0,-3.0
880,"McLain, Matt",2B,152.0,8.0,154.0,4.0,148.0,19.0,147.0,22.0
881,"McLain, Matt",SS,148.0,-18.0,148.0,-19.0,153.0,-7.0,154.0,-3.0
882,"McMahon, Ryan",2B,153.0,8.0,154.0,6.0,149.0,18.0,146.0,23.0
883,"McMahon, Ryan",3B,129.5,-36.5,130.5,-38.0,115.0,-26.5,127.5,-21.5
884,"McNeil, Jeff",2B,153.0,7.5,154.0,3.0,148.0,19.0,148.0,19.5
885,"McNeil, Jeff",CF,334.0,1.0,,,,,,
886,"McNeil, Jeff",LF,308.5,-27.0,,,300.5,-29.0,302.5,-29.0
887,"McNeil, Jeff",RF,296.0,29.0,,,303.0,27.0,305.0,27.0
888,"Mead, Curtis",2B,153.0,6.0,155.0,2.0,148.5,19.5,146.5,22.5
889,"Mead, Curtis",3B,118.5,-37.0,120.0,-39.0,113.0,-29.0,125.0,-22.5
890,"Meadows, Austin",LF,308.0,-25.0,,,,,,
891,"Meadows, Parker",CF,324.5,1.5,328.0,0.5,320.0,-5.5,324.5,-3.5
892,"Meckler, Wade",CF,329.0,3.0,,,321.0,-1.0,330.0,-1.0
893,"Meckler, Wade",LF,300.0,-26.0,,,,,,
894,"Melendez, MJ",LF,301.5,-26.5,299.5,-26.5,282.5,-29.0,285.5,-29.0
895,"Melendez, MJ",RF,282.0,27.5,285.0,27.0,288.0,27.0,298.5,27.0
896,"Mendick, Danny",2B,152.5,6.0,153.0,4.0,148.5,18.0,148.0,19.5
897,"Mendick, Danny",3B,118.5,-35.0,120.0,-35.0,109.0,-26.0,128.5,-20.5
898,"Mendick, Danny",LF,298.0,-27.0,,,,,,
899,"Meneses, Joey",1B,117.0,29.0,115.0,28.0,126.5,38.0,129.0,39.0
900,"Mercado, Óscar",CF,314.0,2.0,,,,,,
901,"Mercado, Óscar",LF,298.0,-26.0,,,,,,
902,"Mercado, Óscar",RF,290.0,27.0,,,296.0,27.0,301.0,27.0
903,"Merrifield, Whit",2B,153.33333333333334,7.333333333333333,154.66666666666666,3.0,148.66666666666666,19.333333333333332,147.66666666666666,21.0
904,"Merrifield, Whit",3B,120.0,-37.0,,,121.0,-31.0,,
905,"Merrifield, Whit",LF,306.0,-25.5,300.0,-26.0,282.5,-29.5,285.0,-29.5
906,"Merrifield, Whit",RF,288.0,27.0,,,297.0,24.0,,
907,"Merrill, Jackson",CF,326.0,1.0,329.0,0.0,324.0,-1.0,325.0,-1.0
908,"Mervis, Matt",1B,111.0,29.0,,,120.0,38.0,121.0,38.0
909,"Meyers, Jake",CF,320.5,2.5,320.5,1.0,318.0,-3.5,320.5,-2.0
910,"Miller, Brad",1B,118.0,32.0,,,,,,
911,"Miller, Owen",1B,117.0,31.5,117.0,32.0,123.5,37.5,124.0,38.0
912,"Miller, Owen",2B,153.0,7.0,,,149.0,18.0,148.0,20.0
913,"Miller, Owen",3B,119.0,-37.0,,,118.0,-27.0,130.0,-24.0
914,"Miller, Owen",LF,303.0,-28.0,,,,,,
915,"Miller, Owen",RF,293.0,27.0,,,,,,
916,"Miranda, Jose",1B,115.0,26.0,,,126.0,38.0,129.0,39.0
917,"Miranda, Jose",3B,125.5,-37.0,125.0,-38.0,115.0,-27.0,130.5,-21.5
918,"Misner, Kameron",LF,306.0,-27.0,308.0,-26.0,,,,
919,"Mitchell, Cal",RF,286.0,30.0,,,,,,
920,"Mitchell, Garrett",CF,326.0,0.5,,,326.0,-0.5,328.5,0.0
921,"Mitchell, Garrett",RF,291.0,27.0,,,293.0,28.0,,
922,"Monasterio, Andruw",1B,113.0,28.0,,,126.0,38.0,,
923,"Monasterio, Andruw",2B,153.0,5.5,,,148.5,19.0,147.0,21.0
924,"Monasterio, Andruw",3B,123.0,-37.0,120.0,-38.0,116.0,-25.5,129.0,-23.0
925,"Monasterio, Andruw",SS,149.0,-17.0,,,,,,
926,"Moncada, Yoán",3B,120.0,-35.5,,,115.5,-27.0,122.5,-24.0
927,"Moniak, Mickey",CF,325.5,1.0,325.5,0.5,326.5,-2.0,329.5,-1.5
928,"Moniak, Mickey",LF,303.0,-24.0,305.0,-26.0,290.0,-29.0,293.5,-28.0
929,"Moniak, Mickey",RF,291.5,28.0,294.0,27.0,304.0,25.0,303.5,25.5
930,"Montero, Elehuris",1B,118.0,32.0,113.0,29.0,126.0,38.5,127.0,39.5
931,"Montero, Elehuris",3B,124.0,-37.0,119.0,-38.0,118.0,-28.0,135.0,-23.0
932,"Montes, Coco",2B,153.0,8.0,,,149.0,19.0,147.0,22.0
933,"Moore, Dylan",1B,117.0,29.0,,,123.0,38.0,126.0,38.0
934,"Moore, Dylan",2B,153.0,5.0,153.5,3.0,146.5,20.0,147.0,20.0
935,"Moore, Dylan",3B,122.0,-35.0,123.0,-36.0,112.0,-26.0,141.0,-22.0
936,"Moore, Dylan",CF,322.0,2.0,,,,,,
937,"Moore, Dylan",LF,297.5,-25.5,300.5,-24.5,284.5,-28.5,285.5,-28.0
938,"Moore, Dylan",RF,278.0,27.0,,,,,,
939,"Moore, Dylan",SS,148.5,-17.5,148.5,-18.0,152.0,-4.0,153.0,-3.0
940,"Morel, Christopher",2B,153.0,5.0,154.0,2.0,148.5,19.5,147.5,21.0
941,"Morel, Christopher",3B,120.5,-36.0,120.0,-37.0,113.5,-26.0,131.0,-22.0
942,"Morel, Christopher",CF,330.0,3.0,,,328.0,0.0,331.0,0.0
943,"Morel, Christopher",LF,308.0,-27.0,307.0,-27.0,291.0,-28.0,296.0,-27.0
944,"Morel, Christopher",RF,287.0,28.0,,,305.0,27.0,303.0,30.0
945,"Motter, Taylor",2B,152.0,5.0,,,147.0,20.0,148.0,21.0
946,"Motter, Taylor",3B,126.0,-34.0,127.0,-35.0,117.0,-27.0,139.0,-21.0
947,"Motter, Taylor",SS,148.0,-19.0,,,,,,
948,"Mountcastle, Ryan",1B,117.0,32.0,118.0,31.5,124.0,38.0,125.0,38.0
949,"Moustakas, Mike",1B,118.5,29.5,,,124.0,38.0,126.5,39.5
950,"Moustakas, Mike",3B,120.0,-35.5,118.0,-35.0,111.0,-26.5,128.5,-22.5
951,"Mullins, Cedric",CF,323.0,3.0,325.0,2.5,321.0,-3.0,324.5,-2.0
952,"Muncy, Max",3B,122.5,-36.5,123.0,-37.0,115.0,-26.0,134.0,-23.0
953,"Myers, Dane",CF,321.0,0.5,317.0,-0.5,318.0,-3.0,321.5,-2.0
954,"Myers, Dane",LF,293.0,-28.0,,,285.0,-31.0,,
955,"Myers, Dane",RF,296.0,27.0,289.0,26.0,298.0,25.0,302.0,25.0
956,"Myers, Wil",1B,110.0,32.0,,,117.0,37.0,117.0,38.0
957,"Myers, Wil",RF,294.0,29.0,296.0,28.0,300.0,24.0,301.0,25.0
958,"Naquin, Tyler",LF,289.0,-29.0,,,285.0,-29.0,,
959,"Naylor, Josh",1B,113.5,30.0,113.0,29.0,123.0,38.0,124.5,38.0
960,"Neto, Zach",SS,149.0,-18.5,148.0,-21.0,153.5,-6.0,154.0,-3.0
961,"Nevin, Tyler",1B,112.0,30.5,115.0,30.0,122.5,38.5,123.5,39.0
962,"Nevin, Tyler",3B,119.5,-36.0,,,104.5,-26.5,130.5,-22.0
963,"Nevin, Tyler",LF,303.0,-25.5,301.0,-29.0,286.0,-28.0,286.0,-28.0
964,"Nevin, Tyler",RF,295.0,27.0,,,294.0,26.0,299.0,27.0
965,"Newman, Kevin",1B,113.5,31.5,,,117.0,35.0,118.5,36.0
966,"Newman, Kevin",2B,152.5,8.0,153.0,3.0,148.5,18.5,147.5,20.0
967,"Newman, Kevin",3B,121.0,-35.5,121.0,-38.0,125.0,-26.0,135.0,-22.0
968,"Newman, Kevin",SS,148.0,-18.5,146.0,-21.5,152.0,-7.5,153.0,-4.5
969,"Nimmo, Brandon",CF,324.0,1.5,324.0,-1.0,322.5,-1.5,324.5,-1.5
970,"Nimmo, Brandon",LF,300.0,-26.0,,,291.5,-28.5,292.5,-28.5
971,"Noda, Ryan",1B,117.0,29.5,,,120.5,37.5,120.5,38.5
972,"Noda, Ryan",RF,292.0,28.0,,,,,,
973,"Noel, Jhonkensy",1B,119.0,32.0,,,122.0,38.0,123.0,38.0
974,"Noel, Jhonkensy",RF,301.0,29.0,305.0,27.0,311.0,26.0,312.0,27.0
975,"Nootbaar, Lars",CF,315.0,2.0,317.0,2.0,315.0,-2.5,317.5,-2.0
976,"Nootbaar, Lars",LF,304.0,-24.5,313.0,-26.0,290.5,-28.5,295.0,-28.0
977,"Nootbaar, Lars",RF,292.5,28.0,291.0,28.0,299.0,26.5,299.5,26.5
978,"Norby, Connor",2B,153.0,7.5,,,149.0,19.0,148.0,20.0
979,"Norby, Connor",3B,122.0,-36.0,125.0,-39.0,122.0,-27.0,135.0,-23.0
980,"Nuñez, Nasim",SS,148.0,-19.0,147.0,-20.0,152.0,-7.0,153.0,-5.0
981,"O'Hearn, Ryan",1B,111.5,30.5,109.0,29.0,121.5,38.0,122.0,38.0
982,"O'Hearn, Ryan",LF,301.5,-25.0,,,289.0,-30.0,293.0,-28.5
983,"O'Hearn, Ryan",RF,291.5,28.0,294.0,28.0,296.0,25.5,297.5,26.0
984,"O'Neill, Tyler",CF,321.0,0.0,,,321.0,-3.0,327.0,-1.0
985,"O'Neill, Tyler",LF,300.5,-27.0,302.0,-26.5,289.5,-28.5,291.0,-28.0
986,"O'Neill, Tyler",RF,285.0,28.0,286.0,28.0,292.0,27.0,294.0,27.0
987,"Odor, Rougned",2B,153.0,9.0,,,148.0,20.0,148.0,21.0
988,"Odor, Rougned",3B,118.0,-37.0,,,124.0,-30.0,,
989,"Odor, Rougned",RF,296.0,27.0,,,301.0,25.0,300.0,25.0
990,"Olivares, Edward",LF,304.0,-27.0,303.0,-27.0,290.0,-28.0,289.0,-29.0
991,"Olivares, Edward",RF,290.0,28.5,288.0,29.0,305.0,25.0,301.0,26.0
992,"Olson, Matt",1B,114.5,28.0,113.0,27.5,126.5,38.5,127.5,39.0
993,"Ornelas, Jonathan",2B,153.0,10.0,,,,,,
994,"Ornelas, Jonathan",3B,117.5,-37.0,,,106.0,-28.0,128.0,-23.0
995,"Ornelas, Jonathan",SS,151.0,-17.0,,,154.0,-7.0,155.0,-5.0
996,"Ortega, Rafael",CF,327.5,2.0,,,328.0,-1.0,329.5,0.0
997,"Ortega, Rafael",LF,302.0,-27.0,,,294.0,-29.0,297.0,-28.0
998,"Ortega, Rafael",RF,295.0,29.0,,,,,,
999,"Ortiz, Joey",2B,152.0,7.0,153.0,3.0,148.0,19.0,146.0,22.0
1000,"Ortiz, Joey",3B,123.0,-37.5,123.0,-39.0,126.0,-27.0,132.0,-23.0
1001,"Ortiz, Joey",SS,148.0,-19.5,,,152.0,-7.5,,
1002,"Outman, James",CF,319.0,2.0,320.0,2.0,317.5,-2.0,318.0,-1.0
1003,"Outman, James",LF,304.0,-25.0,,,286.0,-28.0,289.0,-28.0
1004,"Outman, James",RF,289.0,29.0,,,,,,
1005,"Owings, Chris",SS,151.0,-16.0,,,155.0,-4.0,155.0,-3.0
1006,"Ozuna, Marcell",LF,312.0,-26.0,,,306.0,-29.0,,
1007,"Pache, Cristian",CF,321.3333333333333,2.6666666666666665,327.0,-2.0,318.0,-4.0,321.0,-3.3333333333333335
1008,"Pache, Cristian",LF,304.5,-26.0,,,291.0,-30.0,293.5,-30.0
1009,"Pache, Cristian",RF,282.0,30.0,,,297.0,27.0,,
1010,"Padlo, Kevin",1B,117.0,32.0,,,,,,
1011,"Padlo, Kevin",3B,126.0,-35.0,,,,,,
1012,"Pages, Andy",CF,316.0,2.0,317.0,0.0,315.0,-2.0,315.0,-1.0
1013,"Pages, Andy",LF,300.0,-26.0,,,284.0,-28.0,284.0,-27.0
1014,"Pages, Andy",RF,286.0,28.0,,,298.0,25.0,299.0,26.0
1015,"Palacios, Joshua",CF,326.5,2.0,,,319.0,-3.0,318.0,-4.0
1016,"Palacios, Joshua",LF,304.5,-25.5,295.0,-26.0,288.5,-29.5,284.0,-30.0
1017,"Palacios, Joshua",RF,287.0,29.5,287.0,28.0,303.0,25.0,304.0,25.0
1018,"Palacios, Richie",2B,154.0,5.5,155.0,2.0,149.0,20.0,148.0,22.0
1019,"Palacios, Richie",3B,116.0,-39.0,,,,,,
1020,"Palacios, Richie",CF,317.0,2.0,320.0,2.0,,,,
1021,"Palacios, Richie",LF,306.5,-26.0,308.0,-26.0,292.0,-28.5,295.5,-27.5
1022,"Palacios, Richie",RF,294.0,28.0,298.0,28.0,301.0,26.0,305.5,27.5
1023,"Paredes, Isaac",1B,103.0,28.5,98.0,26.0,122.5,39.0,122.5,40.0
1024,"Paredes, Isaac",2B,153.0,8.0,154.0,2.0,148.0,19.0,147.0,22.0
1025,"Paredes, Isaac",3B,121.66666666666667,-37.0,123.33333333333333,-38.666666666666664,112.33333333333333,-26.333333333333332,127.0,-22.666666666666668
1026,"Paredes, Isaac",SS,147.0,-21.0,,,,,,
1027,"Paris, Kyren",2B,152.0,6.5,153.0,3.0,147.0,19.0,147.0,21.0
1028,"Paris, Kyren",CF,328.0,2.0,,,,,,
1029,"Paris, Kyren",SS,147.5,-18.5,,,151.0,-6.0,151.5,-5.5
1030,"Pasquantino, Vinnie",1B,114.5,28.5,108.5,24.0,124.0,38.5,125.0,39.5
1031,"Pauley, Graham",3B,126.0,-37.0,,,120.0,-27.0,135.0,-23.0
1032,"Pederson, Joc",LF,302.0,-27.0,,,285.0,-29.0,292.0,-29.0
1033,"Pederson, Joc",RF,289.0,28.0,,,,,,
1034,"Peguero, Liover",2B,154.0,4.0,154.0,3.0,150.0,16.0,150.0,16.0
1035,"Peguero, Liover",SS,150.5,-16.5,150.0,-16.0,153.5,-7.5,154.0,-3.0
1036,"Peralta, David",LF,304.5,-26.5,308.0,-26.0,287.5,-29.0,291.5,-28.0
1037,"Peralta, David",RF,289.0,28.0,302.0,26.0,302.0,26.0,301.5,26.0
1038,"Peraza, Oswald",2B,154.0,5.0,,,150.0,17.0,150.0,19.0
1039,"Peraza, Oswald",3B,125.5,-37.0,,,112.5,-26.5,132.5,-21.0
1040,"Peraza, Oswald",SS,150.0,-18.0,,,154.0,-6.0,155.0,-3.0
1041,"Perdomo, Geraldo",2B,152.0,7.0,154.0,3.0,148.0,18.0,147.0,21.0
1042,"Perdomo, Geraldo",3B,116.0,-36.0,,,,,,
1043,"Perdomo, Geraldo",SS,147.5,-18.0,145.0,-22.0,151.5,-8.0,153.0,-4.0
1044,"Pereira, Everson",LF,298.0,-26.0,,,291.0,-28.0,291.0,-27.0
1045,"Perez, Salvador",1B,112.5,28.0,,,121.5,39.0,122.5,39.5
1046,"Perkins, Blake",CF,322.0,0.5,319.0,0.0,320.0,-0.5,324.0,0.0
1047,"Perkins, Blake",LF,297.0,-26.0,,,292.0,-27.0,294.0,-27.0
1048,"Perkins, Blake",RF,294.0,27.0,,,295.0,26.0,297.0,27.0
1049,"Peterson, Jace",2B,152.33333333333334,9.0,,,147.0,21.0,145.0,24.0
1050,"Peterson, Jace",3B,120.0,-36.0,121.0,-37.0,117.33333333333333,-27.0,129.5,-22.5
1051,"Peterson, Jace",SS,147.0,-18.0,,,151.0,-9.0,,
1052,"Peña, Jeremy",SS,148.5,-16.5,148.0,-18.5,152.5,-6.0,153.5,-4.0
1053,"Pham, Tommy",CF,322.5,2.0,330.0,2.0,321.0,-1.5,326.0,-0.5
1054,"Pham, Tommy",LF,298.6,-27.0,300.5,-27.5,289.4,-29.6,293.2,-29.4
1055,"Pham, Tommy",RF,292.5,28.0,293.0,30.0,299.3333333333333,26.666666666666668,300.75,26.75
1056,"Phillips, Brett",CF,323.0,2.0,,,322.0,-4.0,324.0,-3.0
1057,"Phillips, Brett",RF,292.0,28.0,,,299.0,25.0,297.0,27.0
1058,"Pillar, Kevin",CF,321.6666666666667,2.6666666666666665,324.0,0.0,320.5,-1.0,326.0,-0.5
1059,"Pillar, Kevin",LF,306.5,-25.0,306.0,-25.5,293.0,-28.5,292.5,-28.0
1060,"Pillar, Kevin",RF,293.3333333333333,28.333333333333332,292.5,28.0,305.6666666666667,26.666666666666668,307.5,26.5
1061,"Polanco, Jorge",2B,153.5,6.0,154.0,4.5,148.0,19.5,148.0,20.5
1062,"Polanco, Jorge",3B,122.0,-37.0,120.0,-39.0,119.0,-26.0,137.0,-22.0
1063,"Pollock, AJ",LF,301.5,-23.0,301.0,-24.0,287.5,-30.0,289.0,-29.0
1064,"Pratto, Nick",1B,115.0,26.0,112.0,24.0,126.0,38.0,127.0,39.0
1065,"Pratto, Nick",LF,307.0,-28.0,310.0,-28.0,282.0,-29.0,286.0,-29.0
1066,"Pratto, Nick",RF,280.0,27.0,,,300.0,26.0,302.0,28.0
1067,"Profar, Jurickson",1B,107.5,31.5,,,120.5,38.5,118.0,38.0
1068,"Profar, Jurickson",LF,300.6666666666667,-25.333333333333332,303.0,-27.0,290.3333333333333,-29.333333333333332,295.3333333333333,-28.333333333333332
1069,"Profar, Jurickson",RF,299.0,27.0,,,,,,
1070,"Pérez, Carlos",1B,115.0,32.0,,,121.0,41.0,121.0,41.0
1071,"Pérez, Wenceel",CF,326.0,1.0,325.0,-1.0,324.0,-5.0,326.0,-3.0
1072,"Pérez, Wenceel",LF,303.0,-25.0,,,284.0,-29.0,283.0,-30.0
1073,"Pérez, Wenceel",RF,293.0,27.0,295.0,25.0,304.0,23.0,304.0,24.0
1074,"Querecuto, Juniel",2B,151.0,6.0,,,,,,
1075,"Querecuto, Juniel",3B,125.0,-37.0,125.0,-37.0,,,,
1076,"Rafaela, Ceddanne",2B,152.5,8.0,,,,,,
1077,"Rafaela, Ceddanne",CF,321.0,1.5,321.0,2.0,319.5,0.5,320.5,0.0
1078,"Rafaela, Ceddanne",SS,149.5,-18.0,147.0,-21.0,153.0,-5.0,153.5,-5.0
1079,"Raley, Luke",1B,113.0,29.0,110.5,28.5,123.5,37.0,124.5,37.5
1080,"Raley, Luke",CF,320.0,1.5,325.0,1.0,317.0,-1.0,319.5,-1.0
1081,"Raley, Luke",LF,303.5,-25.5,301.5,-26.5,288.0,-28.0,290.5,-27.5
1082,"Raley, Luke",RF,290.0,27.5,288.0,27.0,301.5,25.5,302.5,26.5
1083,"Ramos, Bryan",3B,119.0,-34.0,,,116.0,-27.0,127.0,-22.0
1084,"Ramos, Heliot",CF,324.0,2.0,320.0,1.0,320.0,-2.0,326.0,-1.5
1085,"Ramos, Heliot",LF,305.0,-25.5,,,284.0,-30.5,291.5,-29.5
1086,"Ramos, Heliot",RF,287.0,28.5,,,300.0,26.0,299.5,27.5
1087,"Ramos, Henry",LF,307.0,-25.0,,,290.0,-31.0,,
1088,"Ramos, Henry",RF,288.0,30.0,293.0,28.0,306.0,22.0,307.0,23.0
1089,"Ramírez, Harold",1B,107.0,33.0,,,117.0,40.0,120.0,42.0
1090,"Ramírez, Harold",LF,309.0,-26.0,311.0,-27.0,292.0,-28.0,295.5,-27.5
1091,"Ramírez, Harold",RF,296.5,27.0,,,305.0,27.0,307.0,27.5
1092,"Ramírez, José",3B,126.0,-36.0,129.0,-37.0,115.5,-26.5,136.0,-21.5
1093,"Refsnyder, Rob",CF,324.0,0.0,,,326.0,3.0,327.0,4.0
1094,"Refsnyder, Rob",LF,300.5,-28.0,300.0,-28.0,294.0,-28.0,295.0,-28.0
1095,"Refsnyder, Rob",RF,291.0,28.0,289.0,29.0,298.0,28.0,295.0,27.5
1096,"Remillard, Zach",2B,152.5,8.0,,,147.0,20.5,147.0,21.0
1097,"Remillard, Zach",3B,121.0,-35.0,,,125.0,-26.0,,
1098,"Remillard, Zach",LF,305.0,-27.0,,,293.0,-29.0,,
1099,"Remillard, Zach",RF,293.0,29.0,,,297.0,27.0,293.0,28.0
1100,"Remillard, Zach",SS,148.0,-18.5,,,152.0,-7.5,,
1101,"Rendon, Anthony",3B,119.0,-36.5,120.0,-37.5,108.0,-27.0,128.0,-22.5
1102,"Renfroe, Hunter",1B,119.0,33.0,,,123.0,38.0,126.0,39.0
1103,"Renfroe, Hunter",RF,290.6666666666667,28.333333333333332,292.5,28.0,299.6666666666667,25.0,300.6666666666667,26.0
1104,"Rengifo, Luis",2B,151.0,6.5,152.0,2.5,146.5,18.5,146.0,19.5
1105,"Rengifo, Luis",3B,116.0,-36.5,117.0,-37.0,111.0,-27.0,136.0,-20.5
1106,"Rengifo, Luis",CF,330.0,2.0,,,336.0,-2.0,331.0,-2.0
1107,"Rengifo, Luis",LF,309.0,-24.0,,,293.0,-29.0,292.0,-29.0
1108,"Rengifo, Luis",RF,297.0,28.0,,,300.0,25.0,306.0,25.0
1109,"Rengifo, Luis",SS,147.0,-18.0,,,151.0,-5.0,151.0,-4.0
1110,"Reyes, Franmil",LF,301.0,-28.0,,,288.0,-30.0,,
1111,"Reyes, Pablo",1B,112.0,31.0,,,,,,
1112,"Reyes, Pablo",2B,152.0,7.0,,,149.0,18.0,147.5,20.0
1113,"Reyes, Pablo",3B,117.0,-37.5,,,117.0,-26.0,129.0,-22.0
1114,"Reyes, Pablo",SS,147.5,-19.0,,,152.0,-6.0,152.0,-4.0
1115,"Reynolds, Bryan",CF,320.0,2.0,318.0,1.0,317.0,-3.0,320.0,-3.0
1116,"Reynolds, Bryan",LF,304.5,-25.5,301.0,-26.0,290.0,-28.5,291.5,-28.5
1117,"Reynolds, Bryan",RF,287.0,29.0,289.0,30.0,299.0,25.0,300.0,26.0
1118,"Reynolds, Matt",3B,128.0,-37.0,,,,,,
1119,"Rice, Ben",1B,111.0,31.0,,,123.0,40.0,125.0,40.0
1120,"Riley, Austin",3B,122.0,-39.0,121.5,-39.0,116.0,-27.5,141.0,-21.0
1121,"Rivas III, Alfonso",1B,114.5,28.5,115.0,28.0,123.0,36.0,123.5,36.0
1122,"Rivas, Leo",2B,153.0,6.0,,,,,,
1123,"Rivas, Leo",SS,149.0,-18.0,149.0,-18.0,152.0,-5.0,153.0,-4.0
1124,"Rivera, Emmanuel",1B,110.33333333333333,30.0,110.0,30.0,124.66666666666667,37.666666666666664,125.0,38.333333333333336
1125,"Rivera, Emmanuel",3B,121.66666666666667,-36.666666666666664,122.0,-37.5,114.0,-27.333333333333332,129.66666666666666,-22.666666666666668
1126,"Rizzo, Anthony",1B,116.5,30.5,,,124.0,36.0,125.0,36.5
1127,"Robert Jr., Luis",CF,323.5,1.5,323.0,1.5,320.5,-1.5,325.5,0.0
1128,"Robles, Victor",CF,319.0,0.3333333333333333,308.0,0.0,317.3333333333333,-1.0,314.5,-1.0
1129,"Robles, Victor",LF,295.0,-27.0,292.0,-27.0,283.0,-28.0,284.0,-28.0
1130,"Robles, Victor",RF,288.5,27.0,290.0,26.0,293.0,26.5,294.5,26.5
1131,"Rocchio, Brayan",3B,120.0,-37.0,,,118.0,-27.0,139.0,-22.0
1132,"Rocchio, Brayan",SS,149.0,-18.5,147.0,-23.0,153.0,-6.5,154.0,-4.0
1133,"Rodgers, Brendan",2B,153.0,8.5,154.0,5.5,148.5,19.5,147.5,21.0
1134,"Rodriguez, Johnathan",RF,285.0,27.0,288.0,26.0,301.0,24.0,300.0,24.0
1135,"Rodríguez, Julio",CF,322.0,1.5,322.0,1.5,321.5,-2.5,322.0,-2.5
1136,"Rojas, Johan",CF,326.5,2.5,328.0,2.5,325.0,-2.5,327.5,-2.0
1137,"Rojas, Josh",2B,154.0,5.333333333333333,154.0,4.0,149.0,19.0,148.33333333333334,21.0
1138,"Rojas, Josh",3B,122.0,-35.0,120.0,-34.0,120.5,-26.0,131.0,-21.5
1139,"Rojas, Josh",LF,299.0,-27.0,,,,,,
1140,"Rojas, Miguel",2B,154.0,4.0,154.0,3.0,149.0,20.0,149.0,20.0
1141,"Rojas, Miguel",3B,124.0,-36.0,,,108.0,-26.0,137.0,-23.0
1142,"Rojas, Miguel",SS,149.5,-17.5,149.0,-18.5,154.0,-4.0,154.0,-3.0
1143,"Rooker, Brent",LF,305.0,-26.0,,,294.0,-28.0,297.0,-28.0
1144,"Rooker, Brent",RF,295.0,27.5,,,302.5,25.0,303.5,26.0
1145,"Rosario, Amed",2B,154.0,5.0,155.0,3.0,149.0,19.5,148.33333333333334,19.666666666666668
1146,"Rosario, Amed",3B,121.0,-37.0,120.0,-37.0,116.0,-27.0,130.0,-23.0
1147,"Rosario, Amed",RF,289.0,27.5,295.0,27.0,303.5,24.0,304.5,26.0
1148,"Rosario, Amed",SS,149.0,-19.0,147.5,-22.0,153.0,-5.666666666666667,154.0,-3.6666666666666665
1149,"Rosario, Eddie",CF,320.0,-1.0,,,319.0,0.0,320.0,-2.0
1150,"Rosario, Eddie",LF,302.6666666666667,-25.666666666666668,303.5,-26.0,288.6666666666667,-28.666666666666668,290.6666666666667,-28.333333333333332
1151,"Rosario, Eddie",RF,288.0,27.0,,,295.0,26.0,298.0,25.0
1152,"Rosario, Eguy",3B,114.5,-37.5,,,114.0,-28.0,124.0,-24.0
1153,"Ruf, Darin",1B,112.0,29.0,,,,,,
1154,"Ruiz, Esteury",CF,321.0,1.5,,,320.0,-2.5,319.0,-1.5
1155,"Ruiz, Esteury",LF,300.0,-25.5,,,285.5,-30.0,287.5,-29.5
1156,"Ruiz, Esteury",RF,291.0,29.0,,,298.0,26.0,301.0,27.0
1157,"Rutherford, Blake",LF,307.0,-26.0,,,300.0,-29.0,,
1158,"Ríos, Edwin",1B,113.0,30.0,,,119.0,35.0,,
1159,"Sabol, Blake",LF,307.0,-25.0,303.0,-27.0,289.0,-29.0,294.0,-28.0
1160,"Saggese, Thomas",2B,153.0,5.0,,,147.0,21.0,148.0,20.0
1161,"Saggese, Thomas",3B,116.0,-37.0,,,119.0,-26.0,,
1162,"Saggese, Thomas",SS,148.0,-18.0,,,,,,
1163,"Sanoja, Javier",2B,152.0,7.0,153.0,3.0,149.0,18.0,148.0,19.0
1164,"Sanoja, Javier",CF,331.0,-1.0,,,329.0,-2.0,,
1165,"Sanoja, Javier",LF,307.0,-28.0,,,297.0,-29.0,,
1166,"Sanoja, Javier",SS,148.0,-17.0,147.0,-20.0,,,,
1167,"Santana, Carlos",1B,115.33333333333333,29.0,114.0,27.5,118.66666666666667,37.333333333333336,120.33333333333333,37.333333333333336
1168,"Santander, Anthony",1B,111.0,34.0,,,123.0,38.0,124.0,38.0
1169,"Santander, Anthony",RF,292.5,29.0,294.5,29.0,303.5,24.5,306.0,25.0
1170,"Sanó, Miguel",1B,113.0,29.0,111.0,28.0,,,,
1171,"Sanó, Miguel",3B,122.0,-36.0,123.0,-36.0,,,,
1172,"Schanuel, Nolan",1B,116.0,31.5,113.0,30.0,120.5,37.5,121.5,38.5
1173,"Schmitt, Casey",2B,152.0,10.0,155.0,2.0,149.5,18.0,149.0,19.0
1174,"Schmitt, Casey",3B,123.5,-36.5,,,123.5,-27.0,130.5,-21.5
1175,"Schmitt, Casey",SS,149.5,-18.0,150.0,-19.0,153.5,-7.5,154.5,-3.0
1176,"Schneemann, Daniel",2B,154.0,6.0,,,149.0,19.0,150.0,18.0
1177,"Schneemann, Daniel",3B,121.0,-35.0,120.0,-37.0,127.0,-27.0,143.0,-23.0
1178,"Schneemann, Daniel",CF,332.0,3.0,335.0,-1.0,328.0,0.0,334.0,2.0
1179,"Schneemann, Daniel",LF,315.0,-23.0,,,308.0,-26.0,309.0,-26.0
1180,"Schneemann, Daniel",RF,306.0,27.0,310.0,25.0,311.0,25.0,310.0,26.0
1181,"Schneemann, Daniel",SS,149.0,-18.0,,,154.0,-7.0,155.0,-4.0
1182,"Schneider, Davis",2B,153.0,6.0,154.0,3.0,148.5,19.5,148.0,20.0
1183,"Schneider, Davis",3B,116.0,-34.0,,,112.0,-27.0,,
1184,"Schneider, Davis",LF,296.5,-25.0,298.0,-27.0,276.5,-29.0,283.0,-29.0
1185,"Schoop, Jonathan",2B,154.0,6.0,155.0,2.0,147.0,21.0,147.0,23.0
1186,"Schoop, Jonathan",3B,121.0,-37.0,,,120.0,-25.0,136.0,-22.0
1187,"Schuemann, Max",2B,154.0,8.0,,,150.0,17.0,150.0,18.0
1188,"Schuemann, Max",3B,124.0,-39.0,127.0,-41.0,131.0,-27.0,133.0,-25.0
1189,"Schuemann, Max",LF,293.0,-27.0,,,288.0,-29.0,,
1190,"Schuemann, Max",SS,150.0,-19.0,149.0,-21.0,154.0,-6.0,155.0,-3.0
1191,"Schunk, Aaron",2B,153.0,8.0,,,148.0,19.0,147.0,20.0
1192,"Schunk, Aaron",3B,125.0,-36.0,,,121.0,-27.0,,
1193,"Schunk, Aaron",SS,149.0,-17.0,,,152.0,-8.0,153.0,-5.0
1194,"Schwarber, Kyle",LF,303.5,-25.0,305.0,-27.0,282.0,-29.0,286.0,-29.0
1195,"Scott II, Victor",CF,321.0,2.0,,,322.0,-2.0,322.0,-2.0
1196,"Seager, Corey",SS,149.5,-17.5,148.0,-19.5,153.5,-7.0,154.0,-3.0
1197,"Segura, Jean",3B,122.0,-36.0,120.0,-38.0,120.0,-26.0,126.0,-24.0
1198,"Semien, Marcus",2B,153.5,7.0,155.0,3.0,149.0,19.5,148.5,20.5
1199,"Senzel, Nick",2B,152.0,9.0,,,,,,
1200,"Senzel, Nick",3B,122.33333333333333,-36.0,123.0,-36.666666666666664,121.0,-27.333333333333332,128.0,-22.666666666666668
1201,"Senzel, Nick",CF,325.0,4.0,326.0,1.0,322.0,-5.0,322.0,-3.0
1202,"Senzel, Nick",LF,308.0,-25.0,,,293.0,-30.0,294.0,-29.0
1203,"Senzel, Nick",RF,295.0,29.0,299.0,27.0,304.0,25.0,303.0,25.0
1204,"Sheets, Gavin",1B,113.0,29.0,111.0,28.0,120.5,37.5,122.0,38.0
1205,"Sheets, Gavin",LF,294.0,-31.0,,,289.0,-31.0,289.0,-31.0
1206,"Sheets, Gavin",RF,292.5,29.0,295.0,29.0,298.0,27.0,298.5,27.5
1207,"Shenton, Austin",1B,100.0,31.0,98.0,30.0,121.0,39.0,121.0,40.0
1208,"Shewmake, Braden",2B,153.0,8.0,,,148.0,21.0,148.0,20.0
1209,"Shewmake, Braden",3B,117.0,-35.0,,,122.0,-25.0,131.0,-23.0
1210,"Shewmake, Braden",SS,149.0,-18.5,,,154.0,-5.0,154.0,-4.0
1211,"Short, Zack",2B,152.33333333333334,5.333333333333333,,,146.5,20.0,146.5,21.5
1212,"Short, Zack",3B,121.0,-36.333333333333336,124.0,-37.0,117.5,-26.0,135.75,-21.5
1213,"Short, Zack",SS,146.5,-19.5,145.0,-22.0,151.5,-7.5,152.0,-4.0
1214,"Siani, Michael",CF,315.0,2.5,,,319.0,-2.0,321.0,-2.0
1215,"Siani, Michael",LF,302.0,-25.0,,,291.0,-29.0,,
1216,"Siani, Michael",RF,297.0,28.0,,,301.0,26.0,,
1217,"Singleton, Jon",1B,111.33333333333333,29.0,112.0,28.5,118.33333333333333,36.333333333333336,121.0,36.666666666666664
1218,"Siri, Jose",CF,323.0,1.0,325.0,0.5,320.5,-1.0,325.0,0.0
1219,"Slater, Austin",CF,322.75,2.5,325.0,0.0,319.0,-3.0,327.0,-2.0
1220,"Slater, Austin",LF,300.0,-25.333333333333332,302.0,-26.0,287.0,-29.333333333333332,289.3333333333333,-29.333333333333332
1221,"Slater, Austin",RF,288.75,29.25,,,300.0,25.0,301.3333333333333,25.666666666666668
1222,"Smith, Dominic",1B,118.33333333333333,28.666666666666668,118.0,25.0,127.0,36.5,126.33333333333333,37.0
1223,"Smith, Josh",2B,153.0,7.0,,,,,,
1224,"Smith, Josh",3B,114.5,-36.0,114.5,-36.0,108.0,-27.0,129.5,-22.0
1225,"Smith, Josh",LF,296.0,-27.0,,,,,,
1226,"Smith, Josh",SS,148.0,-19.0,148.0,-19.5,153.0,-6.0,153.5,-3.5
1227,"Smith, Kevin",3B,125.0,-36.0,,,121.0,-26.0,129.0,-23.0
1228,"Smith, Kevin",SS,151.0,-16.0,,,153.0,-5.0,154.0,-4.0
1229,"Smith, Pavin",1B,114.0,30.0,,,124.0,38.0,125.0,39.0
1230,"Smith, Pavin",LF,304.0,-27.0,,,297.0,-29.0,297.0,-29.0
1231,"Smith, Pavin",RF,295.5,27.5,,,298.0,27.0,298.5,27.5
1232,"Smith-Njigba, Canaan",LF,317.0,-22.0,,,300.0,-28.0,,
1233,"Smith-Njigba, Canaan",RF,302.0,29.0,,,311.0,24.0,313.0,24.0
1234,"Soderstrom, Tyler",1B,115.0,29.5,119.0,30.0,124.0,37.5,124.0,38.0
1235,"Sogard, Nick",2B,154.0,6.0,,,150.0,18.0,149.0,19.0
1236,"Sogard, Nick",3B,123.0,-38.0,,,122.0,-25.0,128.0,-24.0
1237,"Sogard, Nick",SS,151.0,-16.0,,,154.0,-5.0,155.0,-5.0
1238,"Solano, Donovan",1B,114.0,29.0,115.0,28.0,126.0,37.0,128.0,38.0
1239,"Solano, Donovan",2B,152.0,7.0,154.0,2.0,148.0,20.0,146.0,23.0
1240,"Solano, Donovan",3B,123.0,-36.5,124.0,-38.0,118.5,-26.5,129.0,-22.5
1241,"Soler, Jorge",LF,307.0,-25.0,,,,,,
1242,"Soler, Jorge",RF,291.0,27.5,292.5,27.0,298.0,25.5,300.0,26.0
1243,"Sosa, Edmundo",2B,150.5,10.5,,,148.5,17.0,,
1244,"Sosa, Edmundo",3B,118.0,-37.5,117.0,-38.0,122.5,-27.0,134.0,-24.0
1245,"Sosa, Edmundo",SS,147.5,-18.5,,,151.0,-7.5,151.5,-5.0
1246,"Sosa, Lenyn",2B,153.5,7.0,154.0,5.0,148.5,19.0,148.5,20.0
1247,"Sosa, Lenyn",3B,121.0,-36.5,121.0,-36.0,116.5,-27.0,124.0,-25.0
1248,"Soto, Juan",LF,301.0,-25.0,306.0,-26.0,282.0,-29.0,287.0,-27.5
1249,"Soto, Juan",RF,287.0,27.0,287.0,26.0,299.0,25.0,299.0,25.0
1250,"Soto, Livan",2B,151.5,6.5,154.0,2.0,148.0,19.0,147.0,21.0
1251,"Soto, Livan",SS,147.0,-18.0,,,,,,
1252,"Springer, George",RF,285.0,29.0,286.5,28.5,300.5,25.5,302.0,26.5
1253,"Stanton, Giancarlo",RF,292.0,26.0,,,302.0,25.0,300.0,26.0
1254,"Steer, Spencer",1B,116.0,28.0,115.0,27.0,125.0,36.5,125.5,37.5
1255,"Steer, Spencer",2B,153.0,7.0,,,149.0,20.0,147.5,20.5
1256,"Steer, Spencer",3B,123.0,-36.0,123.0,-37.0,127.0,-27.0,136.0,-22.0
1257,"Steer, Spencer",LF,300.0,-25.0,298.5,-26.0,284.0,-31.0,288.5,-29.5
1258,"Steer, Spencer",RF,287.0,29.0,,,,,,
1259,"Stefanic, Michael",2B,154.0,6.0,155.0,2.0,149.0,18.5,148.5,20.0
1260,"Stefanic, Michael",3B,123.0,-37.0,,,124.0,-27.0,129.0,-25.0
1261,"Stephenson, Tyler",1B,106.0,31.0,104.0,30.0,120.0,37.0,121.0,38.0
1262,"Stevenson, Andrew",CF,322.0,1.0,325.0,-1.0,325.0,-3.0,324.0,-2.0
1263,"Stevenson, Andrew",LF,300.0,-27.0,,,,,,
1264,"Stevenson, Cal",CF,327.5,2.5,327.0,1.0,325.0,-2.0,329.0,-1.0
1265,"Stewart, DJ",1B,113.0,36.0,,,,,,
1266,"Stewart, DJ",LF,299.0,-26.5,,,295.0,-27.0,295.0,-27.0
1267,"Stewart, DJ",RF,291.5,28.0,,,296.5,26.5,298.5,26.5
1268,"Story, Trevor",SS,147.5,-18.0,147.0,-19.0,152.0,-5.0,152.0,-3.5
1269,"Stott, Bryson",2B,151.0,10.0,153.0,3.5,147.0,19.5,146.0,22.5
1270,"Stott, Bryson",SS,146.0,-20.0,,,150.0,-9.0,,
1271,"Stowers, Kyle",CF,329.0,0.0,332.0,-3.0,330.0,-5.0,330.0,-5.0
1272,"Stowers, Kyle",LF,303.6666666666667,-25.333333333333332,304.0,-26.5,288.6666666666667,-27.666666666666668,289.6666666666667,-27.666666666666668
1273,"Stowers, Kyle",RF,291.3333333333333,27.666666666666668,290.0,25.0,302.3333333333333,24.666666666666668,305.5,25.5
1274,"Straw, Myles",CF,318.0,2.0,,,317.0,0.0,319.0,0.0
1275,"Suwinski, Jack",CF,325.5,2.5,320.0,1.0,322.0,-3.5,324.0,-3.0
1276,"Suwinski, Jack",LF,304.5,-25.0,305.0,-25.0,287.5,-29.0,290.0,-29.0
1277,"Suwinski, Jack",RF,289.5,29.0,,,306.5,25.0,304.0,25.0
1278,"Suzuki, Seiya",LF,303.0,-28.0,,,,,,
1279,"Suzuki, Seiya",RF,288.5,29.0,290.5,28.0,296.5,27.5,298.0,28.0
1280,"Suárez, Eugenio",3B,122.5,-36.0,124.0,-36.5,113.5,-27.5,134.5,-21.0
1281,"Swanson, Dansby",SS,150.5,-17.5,148.0,-21.5,154.5,-5.5,154.5,-4.0
1282,"Sweeney, Trey",SS,146.0,-18.0,142.0,-24.0,151.0,-5.0,152.0,-5.0
1283,"Sánchez, Gary",1B,109.0,33.0,,,,,,
1284,"Sánchez, Jesús",CF,323.0,2.0,325.0,0.0,321.0,-2.0,325.0,-2.0
1285,"Sánchez, Jesús",LF,307.0,-26.5,306.5,-29.5,290.5,-30.0,291.5,-29.0
1286,"Sánchez, Jesús",RF,289.0,26.5,292.0,25.5,306.0,24.0,308.5,24.5
1287,"Tapia, Raimel",CF,315.0,0.0,,,314.0,2.0,321.0,1.0
1288,"Tapia, Raimel",LF,304.6666666666667,-26.666666666666668,,,295.0,-27.0,299.0,-27.0
1289,"Tapia, Raimel",RF,290.0,28.0,,,299.0,25.0,297.5,27.5
1290,"Tatis Jr., Fernando",CF,312.0,6.0,,,,,,
1291,"Tatis Jr., Fernando",RF,288.5,28.5,295.0,27.5,298.0,26.5,300.0,27.0
1292,"Tauchman, Mike",CF,327.5,2.0,330.0,1.0,326.0,-2.0,327.0,-1.0
1293,"Tauchman, Mike",LF,303.5,-26.5,,,291.0,-28.5,291.0,-28.0
1294,"Tauchman, Mike",RF,290.0,28.0,292.0,27.0,302.0,26.0,303.0,27.0
1295,"Taveras, Leody",CF,323.0,1.0,325.0,-0.5,320.0,-0.5,324.5,0.0
1296,"Taylor, Chris",2B,154.0,5.0,155.0,2.0,148.0,20.0,148.5,20.5
1297,"Taylor, Chris",3B,123.5,-37.0,125.0,-38.0,110.0,-26.5,136.0,-22.0
1298,"Taylor, Chris",CF,318.0,2.5,,,322.0,-3.0,315.0,-1.0
1299,"Taylor, Chris",LF,304.0,-26.0,302.5,-27.5,285.0,-28.0,286.0,-27.0
1300,"Taylor, Chris",SS,150.0,-18.0,149.0,-19.0,154.0,-5.0,154.0,-3.0
1301,"Taylor, Michael A.",CF,324.5,1.5,325.5,1.5,321.5,-1.5,324.5,-1.5
1302,"Taylor, Samad",2B,153.0,7.0,153.0,5.0,147.0,22.0,147.0,23.0
1303,"Taylor, Samad",LF,298.5,-27.0,297.0,-28.0,281.0,-29.0,285.0,-29.0
1304,"Taylor, Tyrone",CF,322.0,2.0,,,320.5,-0.5,325.5,0.0
1305,"Taylor, Tyrone",LF,299.0,-25.5,,,289.5,-28.5,293.0,-28.0
1306,"Taylor, Tyrone",RF,291.0,28.0,,,297.5,26.0,299.0,26.0
1307,"Tellez, Rowdy",1B,114.0,29.0,,,125.0,37.0,126.0,38.0
1308,"Tena, José",2B,154.0,8.5,,,150.0,17.0,150.0,19.0
1309,"Tena, José",3B,124.33333333333333,-38.0,,,124.0,-27.0,136.0,-22.0
1310,"Tena, José",SS,150.0,-19.0,,,155.0,-5.0,155.0,-4.0
1311,"Thaiss, Matt",1B,117.0,31.0,,,121.0,37.0,,
1312,"Thomas, Alek",CF,312.0,1.0,314.0,0.0,310.5,-2.0,313.0,-1.5
1313,"Thomas, Cody",RF,287.0,28.0,,,298.0,26.0,302.0,26.0
1314,"Thomas, Lane",CF,324.6666666666667,0.6666666666666666,324.0,0.0,324.6666666666667,-2.3333333333333335,323.0,2.0
1315,"Thomas, Lane",RF,299.3333333333333,28.333333333333332,,,306.6666666666667,26.333333333333332,304.3333333333333,26.333333333333332
1316,"Thompson, Bubba",CF,325.0,3.0,321.0,0.0,319.0,-4.0,326.0,-1.0
1317,"Thompson, Bubba",LF,296.0,-27.0,,,290.0,-29.0,294.0,-28.0
1318,"Thompson, Bubba",RF,294.0,29.0,,,,,,
1319,"Thompson, Trayce",CF,323.5,1.5,,,321.5,-2.0,322.5,-0.5
1320,"Thompson, Trayce",LF,304.0,-27.0,,,288.0,-28.5,289.0,-29.0
1321,"Thompson, Trayce",RF,291.0,27.5,,,305.5,26.5,303.5,26.5
1322,"Toglia, Michael",1B,117.0,29.5,114.0,28.0,123.0,37.5,123.5,38.5
1323,"Toglia, Michael",RF,292.5,29.0,299.0,27.0,302.5,27.5,304.0,27.5
1324,"Torkelson, Spencer",1B,116.5,29.5,116.0,29.0,126.0,37.5,126.5,37.5
1325,"Toro, Abraham",1B,111.0,29.5,,,,,,
1326,"Toro, Abraham",2B,154.0,6.0,,,150.0,18.0,148.0,20.0
1327,"Toro, Abraham",3B,122.5,-36.5,,,110.0,-26.5,125.0,-21.0
1328,"Toro, Abraham",LF,302.0,-27.0,,,,,,
1329,"Torres, Gleyber",2B,153.5,7.0,154.0,3.0,149.0,19.5,148.0,21.0
1330,"Tovar, Ezequiel",SS,147.0,-19.0,145.0,-24.0,151.5,-8.0,152.0,-5.5
1331,"Trammell, Taylor",LF,300.0,-24.5,,,284.0,-30.0,289.0,-29.0
1332,"Trejo, Alan",2B,153.5,7.0,154.0,3.0,150.0,16.5,148.0,20.0
1333,"Trejo, Alan",3B,126.5,-37.0,123.0,-38.0,117.5,-27.5,135.0,-24.0
1334,"Trejo, Alan",SS,150.0,-17.5,,,153.0,-7.0,154.0,-3.5
1335,"Triolo, Jared",1B,114.0,28.0,,,120.0,37.0,122.0,36.0
1336,"Triolo, Jared",2B,151.0,6.0,151.0,5.0,147.0,18.0,147.0,18.5
1337,"Triolo, Jared",3B,121.5,-34.0,120.0,-34.0,112.0,-27.0,128.0,-22.5
1338,"Triolo, Jared",SS,147.0,-19.0,,,152.0,-4.0,152.0,-3.0
1339,"Trout, Mike",CF,325.0,2.0,326.0,1.0,324.5,-2.5,327.5,-2.5
1340,"Tucker, Cole",3B,121.0,-37.0,120.0,-37.0,110.0,-28.0,135.0,-23.0
1341,"Tucker, Cole",LF,303.0,-25.0,304.0,-25.0,,,,
1342,"Tucker, Cole",RF,309.0,30.0,,,316.0,29.0,,
1343,"Tucker, Kyle",RF,290.5,28.0,293.5,27.0,296.0,25.0,296.5,25.5
1344,"Turang, Brice",2B,154.0,7.5,154.0,4.0,149.5,19.0,149.0,20.0
1345,"Turang, Brice",SS,150.0,-18.0,,,154.0,-8.0,154.0,-5.0
1346,"Turner, Justin",1B,112.0,31.666666666666668,113.0,31.0,118.33333333333333,36.666666666666664,121.0,37.666666666666664
1347,"Turner, Justin",2B,151.0,8.0,,,147.0,17.0,147.0,18.0
1348,"Turner, Justin",3B,114.5,-36.0,116.0,-37.0,114.0,-26.0,121.0,-23.0
1349,"Turner, Trea",SS,148.0,-18.0,147.0,-21.0,153.0,-7.5,154.0,-5.0
1350,"Urshela, Gio",1B,110.0,29.5,,,116.0,37.5,119.5,39.0
1351,"Urshela, Gio",3B,120.66666666666667,-36.666666666666664,122.66666666666667,-37.666666666666664,115.66666666666667,-27.0,136.0,-22.666666666666668
1352,"Urshela, Gio",SS,147.0,-18.0,,,152.0,-6.0,153.0,-4.0
1353,"Urías, Luis",2B,154.0,7.0,,,150.0,17.5,149.0,19.0
1354,"Urías, Luis",3B,120.66666666666667,-35.666666666666664,118.0,-35.0,115.33333333333333,-26.333333333333332,131.66666666666666,-21.666666666666668
1355,"Urías, Ramón",1B,120.0,32.0,,,123.0,37.0,124.0,38.0
1356,"Urías, Ramón",2B,152.5,8.5,,,149.0,18.0,148.0,19.5
1357,"Urías, Ramón",3B,122.0,-37.0,124.0,-39.0,112.0,-29.0,134.0,-21.5
1358,"Valdez, Enmanuel",2B,154.5,7.0,155.0,4.5,150.0,18.5,149.0,19.5
1359,"Vargas, Ildemaro",2B,150.0,8.5,,,146.0,19.0,145.0,21.5
1360,"Vargas, Ildemaro",3B,121.0,-37.5,,,119.5,-27.0,129.5,-22.0
1361,"Vargas, Ildemaro",LF,316.0,-26.0,316.0,-26.0,301.5,-28.0,299.0,-27.0
1362,"Vargas, Ildemaro",SS,145.5,-18.5,,,149.0,-8.5,,
1363,"Vargas, Miguel",1B,113.0,29.0,,,,,,
1364,"Vargas, Miguel",2B,153.0,6.0,154.0,3.0,149.0,19.0,148.0,20.0
1365,"Vargas, Miguel",3B,124.0,-35.0,,,119.0,-26.0,130.0,-22.0
1366,"Vargas, Miguel",LF,305.5,-27.5,,,285.0,-29.0,283.0,-28.0
1367,"Varsho, Daulton",CF,318.0,2.5,318.5,1.0,316.5,-2.5,320.5,-2.0
1368,"Varsho, Daulton",LF,299.5,-25.0,294.5,-27.0,283.5,-30.0,285.0,-29.5
1369,"Varsho, Daulton",RF,292.0,30.0,,,,,,
1370,"Vaughn, Andrew",1B,116.0,29.0,114.0,26.0,124.0,37.0,127.0,37.0
1371,"Vavra, Terrin",LF,300.0,-26.0,,,294.0,-29.0,,
1372,"Vavra, Terrin",RF,299.0,28.0,,,301.0,27.0,306.0,26.0
1373,"Vazquez, Luis",3B,122.0,-36.0,,,116.0,-25.0,,
1374,"Vazquez, Luis",SS,148.0,-18.0,,,152.0,-9.0,154.0,-4.0
1375,"Velazquez, Andrew",2B,151.0,7.0,,,,,,
1376,"Velazquez, Andrew",CF,315.0,4.0,,,,,,
1377,"Velazquez, Andrew",SS,146.0,-20.0,145.0,-20.0,151.0,-5.0,152.0,-4.0
1378,"Velázquez, Nelson",CF,315.0,2.0,,,,,,
1379,"Velázquez, Nelson",LF,298.5,-27.5,,,276.0,-29.0,284.5,-28.5
1380,"Velázquez, Nelson",RF,281.3333333333333,28.333333333333332,,,294.3333333333333,27.0,297.3333333333333,26.666666666666668
1381,"Verdugo, Alex",CF,319.0,1.0,,,,,,
1382,"Verdugo, Alex",LF,293.0,-26.0,292.0,-27.0,285.0,-29.0,288.0,-28.0
1383,"Verdugo, Alex",RF,285.0,27.5,284.0,28.0,287.0,29.0,290.5,27.5
1384,"Vientos, Mark",1B,116.0,32.0,,,123.0,37.0,125.0,38.0
1385,"Vientos, Mark",3B,121.5,-35.0,,,107.0,-27.5,136.5,-20.5
1386,"Vierling, Matt",3B,123.5,-36.5,125.0,-38.5,111.5,-26.0,132.0,-21.5
1387,"Vierling, Matt",CF,325.5,1.0,325.5,0.0,321.5,-5.0,324.5,-3.5
1388,"Vierling, Matt",LF,307.5,-25.5,298.0,-28.0,278.5,-30.5,283.5,-29.5
1389,"Vierling, Matt",RF,286.0,27.5,289.0,25.5,308.0,21.5,308.0,23.5
1390,"Vilade, Ryan",CF,320.0,0.0,,,,,,
1391,"Vilade, Ryan",LF,305.0,-26.0,,,,,,
1392,"Vilade, Ryan",RF,288.0,27.0,,,,,,
1393,"Villar, David",1B,113.0,29.5,,,123.5,37.5,124.0,38.0
1394,"Villar, David",2B,154.0,6.0,155.0,2.0,150.0,17.0,149.0,19.0
1395,"Villar, David",3B,121.0,-36.0,121.0,-37.0,111.0,-27.0,137.0,-21.0
1396,"Voit, Luke",1B,110.0,30.0,,,120.0,38.0,121.0,38.0
1397,"Volpe, Anthony",SS,150.5,-16.5,150.0,-19.0,153.5,-6.5,154.0,-3.0
1398,"Vosler, Jason",1B,116.5,29.0,,,124.0,37.0,124.5,38.5
1399,"Vosler, Jason",3B,122.0,-37.0,,,,,,
1400,"Votto, Joey",1B,111.0,27.0,110.0,24.0,128.0,36.0,128.0,37.0
1401,"Vázquez, Christian",1B,110.0,29.0,,,,,,
1402,"Vázquez, Christian",3B,125.0,-39.0,,,107.0,-28.0,,
1403,"Wade Jr., LaMonte",1B,114.0,31.5,113.0,29.0,122.0,37.5,124.0,37.5
1404,"Wade Jr., LaMonte",LF,298.0,-26.0,,,284.0,-31.0,292.0,-29.0
1405,"Wade Jr., LaMonte",RF,289.5,27.5,,,298.5,26.0,298.0,27.0
1406,"Wade, Tyler",2B,154.0,7.0,,,150.0,18.0,149.0,19.0
1407,"Wade, Tyler",3B,120.0,-37.0,126.0,-38.0,124.0,-27.0,133.0,-24.0
1408,"Wade, Tyler",CF,331.0,1.0,,,,,,
1409,"Wade, Tyler",LF,308.0,-26.5,,,291.0,-31.0,298.0,-30.0
1410,"Wade, Tyler",RF,295.0,29.0,,,,,,
1411,"Wade, Tyler",SS,149.0,-18.0,,,154.0,-5.0,154.0,-3.0
1412,"Wagaman, Eric",3B,117.0,-36.0,122.0,-37.0,99.0,-29.0,128.0,-20.0
1413,"Wagner, Will",2B,152.0,5.0,152.0,3.0,148.0,18.0,147.0,20.0
1414,"Walker, Christian",1B,116.0,28.5,115.0,28.5,122.5,36.5,123.5,37.5
1415,"Walker, Jordan",LF,301.0,-26.0,305.0,-26.0,285.0,-27.0,295.0,-27.0
1416,"Walker, Jordan",RF,291.5,28.5,289.0,29.0,300.5,26.5,302.0,27.0
1417,"Wall, Forrest",CF,325.0,3.0,,,325.0,-1.0,,
1418,"Wall, Forrest",LF,305.5,-26.0,,,291.5,-28.0,292.0,-28.5
1419,"Wallner, Matt",LF,297.5,-26.0,298.0,-26.0,289.5,-28.5,291.5,-28.5
1420,"Wallner, Matt",RF,292.0,30.5,295.0,30.0,296.0,28.5,297.0,28.5
1421,"Walls, Taylor",2B,152.0,5.0,153.0,3.0,148.0,18.0,147.0,21.0
1422,"Walls, Taylor",3B,121.0,-38.0,120.0,-40.0,118.0,-27.0,139.0,-23.0
1423,"Walls, Taylor",SS,147.5,-20.0,147.0,-21.0,152.5,-5.5,153.5,-3.0
1424,"Walsh, Jared",1B,119.5,31.0,120.0,30.0,126.0,35.0,128.0,36.5
1425,"Walsh, Jared",RF,293.0,27.0,,,299.0,24.0,298.0,25.0
1426,"Walton, Donovan",2B,153.0,8.0,,,150.0,17.0,149.0,18.0
1427,"Ward, Taylor",LF,303.5,-25.5,305.0,-26.5,290.0,-28.0,293.0,-27.5
1428,"Waters, Drew",CF,318.0,2.0,323.0,1.0,316.0,-3.0,319.0,-3.0
1429,"Waters, Drew",LF,307.0,-26.0,,,286.0,-30.0,,
1430,"Waters, Drew",RF,285.0,27.0,283.0,27.0,297.5,25.5,294.5,26.5
1431,"Wendle, Joey",2B,153.0,7.0,,,148.0,18.0,148.0,19.0
1432,"Wendle, Joey",3B,120.0,-36.0,,,118.0,-29.0,,
1433,"Wendle, Joey",SS,149.0,-17.0,147.0,-19.0,153.0,-5.0,153.0,-3.5
1434,"Wendzel, Davis",3B,122.0,-37.0,,,113.0,-27.0,129.0,-22.0
1435,"Westbrook, Jamie",2B,154.0,6.0,,,149.0,19.0,149.0,20.0
1436,"Westburg, Jordan",2B,153.0,7.5,154.0,3.0,148.5,18.5,147.5,20.5
1437,"Westburg, Jordan",3B,122.0,-36.0,123.0,-38.0,118.5,-27.0,136.5,-22.0
1438,"Westburg, Jordan",SS,149.0,-18.0,,,,,,
1439,"Whitcomb, Shay",2B,154.0,5.0,,,,,,
1440,"Whitcomb, Shay",3B,124.0,-36.0,126.0,-37.0,111.0,-28.0,129.0,-24.0
1441,"White, Eli",CF,322.0,2.5,320.0,2.0,323.0,-3.0,324.0,-1.5
1442,"White, Eli",LF,299.0,-25.0,,,289.0,-28.0,294.0,-27.0
1443,"White, Eli",RF,288.0,27.0,,,292.0,27.0,294.0,27.0
1444,"Wiemer, Joey",CF,325.0,0.5,,,325.0,0.0,327.0,0.0
1445,"Wiemer, Joey",LF,303.0,-27.0,,,295.0,-27.5,,
1446,"Wiemer, Joey",RF,298.0,27.0,,,305.0,26.0,301.0,26.0
1447,"Williams, Alika",2B,153.0,7.0,153.0,6.0,149.0,17.0,149.0,18.0
1448,"Williams, Alika",SS,149.5,-17.0,149.0,-18.0,153.5,-6.0,154.0,-4.0
1449,"Williams, Luke",1B,116.0,29.0,,,,,,
1450,"Williams, Luke",2B,151.0,7.0,,,148.0,18.0,148.0,19.0
1451,"Williams, Luke",3B,120.0,-38.5,118.0,-39.0,,,,
1452,"Williams, Luke",LF,299.0,-26.0,,,,,,
1453,"Williams, Luke",SS,147.0,-19.0,,,152.0,-3.0,152.0,-3.0
1454,"Wilson, Jacob",SS,147.0,-21.0,144.0,-25.0,152.0,-6.0,153.0,-3.0
1455,"Wilson, Weston",2B,154.0,6.0,,,,,,
1456,"Wilson, Weston",3B,121.0,-36.0,,,124.0,-28.0,,
1457,"Wilson, Weston",LF,308.0,-25.5,,,288.5,-29.5,,
1458,"Wilson, Weston",RF,289.0,29.0,,,300.0,25.0,,
1459,"Winker, Jesse",LF,306.0,-25.5,,,300.5,-28.5,299.5,-29.0
1460,"Winker, Jesse",RF,292.5,28.0,,,303.0,24.0,306.0,25.0
1461,"Winn, Masyn",SS,148.0,-19.5,146.0,-21.5,153.0,-5.5,153.0,-3.5
1462,"Wisdom, Patrick",1B,110.5,27.0,109.0,26.0,121.5,37.0,123.5,38.0
1463,"Wisdom, Patrick",3B,120.5,-35.5,119.0,-35.0,108.0,-26.5,123.0,-21.5
1464,"Wisdom, Patrick",LF,306.0,-27.5,,,,,,
1465,"Wisdom, Patrick",RF,284.0,27.5,,,295.0,26.5,295.0,26.0
1466,"Wisely, Brett",2B,153.0,8.0,155.0,3.0,150.0,17.0,149.5,18.0
1467,"Wisely, Brett",3B,124.0,-38.0,,,120.0,-31.0,,
1468,"Wisely, Brett",CF,332.0,2.0,,,327.0,-2.0,331.0,-1.0
1469,"Wisely, Brett",SS,150.0,-18.0,150.0,-17.0,153.0,-7.0,154.0,-3.0
1470,"Witt Jr., Bobby",SS,148.0,-19.5,147.0,-20.5,152.5,-7.0,153.0,-4.5
1471,"Wong, Connor",1B,114.0,29.0,,,122.0,36.0,121.0,37.0
1472,"Wong, Connor",2B,152.0,5.0,,,,,,
1473,"Wong, Kolten",2B,151.5,5.5,151.0,3.0,145.0,20.5,145.0,21.5
1474,"Wood, James",LF,304.0,-27.0,,,294.0,-29.0,295.0,-29.0
1475,"Yastrzemski, Mike",CF,323.5,2.0,329.0,1.0,322.0,-2.0,327.0,-1.0
1476,"Yastrzemski, Mike",LF,301.0,-27.0,303.0,-27.0,288.0,-29.0,292.0,-29.0
1477,"Yastrzemski, Mike",RF,290.5,29.0,292.0,28.0,302.0,25.5,303.0,26.5
1478,"Yelich, Christian",LF,299.5,-27.5,299.0,-28.5,293.5,-29.0,296.5,-28.0
1479,"Yepez, Juan",1B,116.0,30.0,,,124.0,38.0,127.0,39.0
1480,"Yepez, Juan",LF,305.0,-25.0,,,293.0,-27.0,295.0,-28.0
1481,"Yepez, Juan",RF,290.0,29.0,,,,,,
1482,"Yorke, Nick",2B,151.0,9.0,,,147.0,18.0,,
1483,"Yorke, Nick",3B,119.0,-36.0,,,,,,
1484,"Yorke, Nick",LF,303.0,-24.0,,,,,,
1485,"Yorke, Nick",RF,288.0,29.0,,,292.0,26.0,,
1486,"Yoshida, Masataka",LF,299.0,-28.0,304.0,-28.0,291.0,-27.0,294.0,-27.0
1487,"Young, Jacob",CF,328.5,0.0,330.0,1.0,328.5,-3.0,328.5,-1.5
1488,"Young, Jared",1B,111.0,30.0,,,121.0,39.0,122.0,39.0
